/mnt/ai_models/coco2014/train2014/COCO_train2014_000000248133.jpg 172.8400,166.1900,327.1800,271.0200,20 22.8300,6.3700,483.7300,383.1500,64 0.9000,190.0900,500.0000,394.5700,7 155.7400,152.3100,323.7100,248.7100,35 402.6800,219.1400,456.6500,257.0600,12 353.3400,244.1400,369.8400,263.7700,12 362.1400,242.1100,382.7200,264.7900,12 399.3800,241.3500,420.4500,259.5300,12 387.9200,224.5800,405.0800,258.3900,12 379.1500,242.6500,393.1500,262.4200,12
/mnt/ai_models/coco2014/train2014/COCO_train2014_000000094518.jpg 221.3700,371.4000,287.5800,387.1600,61 114.6900,359.1700,236.6800,451.4100,14 87.9600,156.4500,185.6400,211.3800,12 179.6000,164.5000,250.2800,321.2900,77 1.1200,137.0800,374.1600,493.2600,27 124.8400,193.1800,253.2600,241.1900,12 123.6500,225.8400,186.2500,250.3700,12 122.7800,235.1500,184.8300,258.5100,12 77.2500,97.2800,160.8800,154.5200,35 88.8100,172.2700,186.1200,238.7900,12
/mnt/ai_models/coco2014/train2014/COCO_train2014_000000178962.jpg 216.8100,306.4100,390.4700,381.9100,70 39.7900,284.8200,211.5400,413.9900,57 189.1200,62.8700,263.0200,92.1400,35 182.5000,360.6300,387.5000,455.6300,70
/mnt/ai_models/coco2014/train2014/COCO_train2014_000000108859.jpg 326.6200,152.6100,335.1100,163.2600,13 349.3800,189.9300,374.3000,226.0700,26 397.3700,239.3000,440.6400,268.6700,14 369.9700,225.9100,410.8600,255.9500,14 473.7600,196.8000,490.8400,213.8800,1 456.7700,201.3300,476.7900,213.4700,46 15.8500,134.4600,137.2500,206.4500,43 433.6200,235.1500,639.6400,474.6100,47 322.5200,244.8500,449.8000,474.6100,47 412.4800,167.5100,456.2200,221.2600,69 189.0500,169.2000,308.6100,205.4900,57 214.4600,171.5400,275.8100,367.3700,49 184.9500,129.2400,201.4200,178.9500,13 444.7000,212.7900,480.3400,253.9800,13 210.9600,136.4800,231.6700,176.6000,13 436.1900,105.1200,463.7000,134.4800,26 525.7200,40.8900,546.2100,72.8300,26 500.7400,48.2100,522.3600,76.4900,26 492.7500,44.3300,501.6700,71.8700,26 493.5700,37.8700,502.0500,44.4600,26 463.7000,35.5200,489.3500,69.4400,26 470.8600,107.2600,493.4100,141.2600,26 494.7100,117.5600,518.8700,146.6700,26 528.4700,278.9800,564.1600,293.5200,61 444.9400,250.1100,480.1000,269.8400,14 357.8300,102.8900,384.3500,121.7500,14 291.2500,195.9700,318.2200,216.9900,14 478.0200,248.3800,511.3800,266.7000,14 375.4300,104.1400,405.0600,125.8000,14 445.4100,199.4600,458.3400,210.7200,1 452.1600,193.1500,466.1400,204.3000,1 466.0600,189.3100,481.3000,202.6400,46 480.0100,237.7000,500.9100,250.3100,46 325.4000,152.1000,345.3500,189.5100,13 481.3000,186.2700,508.7700,222.8900,41 487.6100,183.4400,502.3000,201.8500,41 487.6900,175.5900,500.2000,187.9900,41 509.4800,181.5600,527.8800,207.1700,41 500.2200,185.5400,515.7600,204.7900,41 495.5800,221.4000,506.5900,233.4100,41 498.6700,190.2500,515.7800,213.7900,41 499.0100,201.6700,514.4200,223.0100,41 483.9300,218.0600,497.3000,232.2500,41 490.9600,217.3400,499.9800,230.2200,41 419.4400,224.5300,444.8200,246.0700,41 479.0900,187.4600,489.0700,199.1800,1 457.1400,186.3000,469.7700,197.6800,46 497.0900,24.1000,517.3100,31.8500,26
/mnt/ai_models/coco2014/train2014/COCO_train2014_000000121612.jpg 551.3500,114.9500,636.5600,207.7200,51 410.4100,181.7500,425.8300,240.4400,13 479.3700,0.0300,519.6400,48.2700,23 309.8100,383.3400,415.3900,480.0000,22 563.4300,348.6200,640.0000,421.2200,22 420.5400,389.1900,638.9200,472.4300,27 5.3900,130.1900,177.9800,343.7600,47 332.3200,198.3800,391.5100,242.4500,69 410.2300,239.1100,510.4300,260.9100,57 393.2500,178.3500,408.1100,212.2000,55 447.1700,214.2700,457.2900,241.1500,13 317.8300,192.7000,324.0700,211.4400,41 322.4600,192.3400,329.2000,208.6800,41 326.5700,193.2000,334.5600,209.5800,41 328.1500,209.4900,336.4100,224.3000,41 321.1000,209.9700,325.9300,224.9300,41 325.2100,210.0800,332.3900,224.4400,41 504.0900,271.6500,626.5100,405.5400,52 612.3200,155.2600,640.0000,412.4800,52 30.4800,150.9200,49.3300,157.8000,23 540.9000,207.7600,634.5000,270.3900,43
/mnt/ai_models/coco2014/train2014/COCO_train2014_000000551427.jpg 359.1100,210.2000,370.6900,229.9900,13 599.5800,195.6000,629.7000,289.2200,13 535.0400,196.9200,566.9500,311.9400,13 396.2600,209.9700,405.8400,241.6900,13 2.2600,283.4800,635.8600,474.3500,27 47.9600,273.1900,111.0300,428.0500,78 472.3200,241.6600,513.4200,319.7900,78 529.1500,247.0400,577.3500,361.1800,78 406.4900,312.9700,513.5100,380.0000,14 445.4100,10.2700,606.4900,140.0000,43 171.8600,215.1200,309.9000,329.2100,47 469.8700,207.5000,548.0500,256.1400,69 233.9600,207.2900,256.3300,220.4800,26 96.6500,73.2900,104.6100,130.4600,41 104.4700,83.7200,110.0800,130.6400,41 112.4700,86.3300,120.8000,128.6000,41 84.3700,85.5000,144.5900,173.9900,41 338.6400,150.4100,349.5700,192.2500,61 328.9000,154.8100,337.2100,192.8800,61 143.0800,400.2700,241.2100,469.7600,14 440.8900,377.7200,531.3400,433.9000,14 558.9500,41.0400,579.7900,52.4900,23 271.2900,133.9300,286.1100,189.9400,61 192.5100,167.5700,204.3600,190.6400,61 200.2100,162.6900,208.0400,192.9000,61 246.9600,142.6900,255.4900,186.9300,61 82.0200,64.3600,87.4600,127.9900,41 307.6600,150.4500,326.2200,200.0300,61 356.3700,235.0800,373.4900,259.4100,26
/mnt/ai_models/coco2014/train2014/COCO_train2014_000000520342.jpg 256.0000,193.7200,638.5600,605.0400,18 198.5300,353.4400,225.9300,411.8900,48 230.2300,349.4600,256.4200,406.1900,48
/mnt/ai_models/coco2014/train2014/COCO_train2014_000000236174.jpg 3.0800,115.0200,214.6400,195.1200,18 396.4100,71.1200,640.0000,340.1800,18 253.6200,77.3100,369.4100,232.0400,48 491.5200,108.6000,498.9800,125.6600,48 498.4800,109.7100,505.6000,125.2600,48 46.1700,117.7400,54.2700,133.0300,48
/mnt/ai_models/coco2014/train2014/COCO_train2014_000000368589.jpg 318.5700,116.1700,639.0600,418.4300,48 2.8800,98.5400,316.6500,420.9500,48 11.5100,2.8800,498.9700,422.2000,49
/mnt/ai_models/coco2014/train2014/COCO_train2014_000000149657.jpg 75.3500,0.0000,640.0000,339.0600,75 281.9200,213.4700,640.0000,381.5700,20 302.8600,325.6700,436.2100,344.8400,53 243.6900,53.7700,393.9800,232.9700,6
/mnt/ai_models/coco2014/train2014/COCO_train2014_000000314710.jpg 100.1200,246.8200,184.0500,328.6900,62 71.0100,58.5300,527.7500,354.0700,6
/mnt/ai_models/coco2014/train2014/COCO_train2014_000000493459.jpg 169.6100,149.7700,319.3500,279.4900,6
/mnt/ai_models/coco2014/train2014/COCO_train2014_000000180569.jpg 439.5000,254.1200,463.4700,328.6900,13 511.8200,336.8200,593.9600,402.8000,61 471.4200,361.9000,548.5200,434.0900,14 172.6900,261.3900,366.5300,345.2100,42 387.7900,293.9700,428.9700,332.7900,45 0.0000,356.7000,131.6000,451.6300,12 467.1800,298.3300,534.0300,321.7600,55 533.6000,390.1000,578.3600,456.3600,13 262.6400,365.8000,333.4100,434.5800,26 40.9200,326.9500,95.8600,373.9000,26 49.4800,280.0100,91.1100,317.9400,1 128.9400,254.5000,142.6200,288.7900,13 462.0900,207.0200,495.9400,242.4200,13 119.6700,288.9400,145.1600,338.2900,13 466.1800,241.8400,556.8100,304.5900,36
/mnt/ai_models/coco2014/train2014/COCO_train2014_000000184903.jpg 280.6100,153.6300,390.4600,251.5200,75 390.8600,155.4700,507.4500,267.6200,75 122.0400,236.2600,401.5900,479.3100,22 523.4900,257.2900,559.0000,314.5800,26 332.5600,252.5400,458.0200,307.9300,39 400.2500,42.0900,498.1400,117.1400,42 499.8400,268.9600,513.2800,291.9200,55
/mnt/ai_models/coco2014/train2014/COCO_train2014_000000199946.jpg 58.1300,205.8200,198.3800,299.2900,24 136.2600,353.7800,209.1800,420.9500,22 100.1400,229.1200,183.1100,407.0600,22 523.1700,117.2600,638.8700,176.9100,43 506.6400,189.8300,633.3000,386.5400,47 280.5000,236.2600,417.3200,265.4200,57 453.6600,199.9600,462.1200,227.2600,13 462.1800,205.1800,470.8900,226.4500,13 416.3600,198.5900,423.3100,218.9200,55 620.1200,182.8500,640.0000,424.4900,52 287.3600,225.4400,297.2200,252.9000,13 140.0900,206.2300,169.6600,229.6600,22 174.4500,212.5100,255.2200,259.3200,24
/mnt/ai_models/coco2014/train2014/COCO_train2014_000000308703.jpg 261.6600,217.2600,300.8700,249.4800,51 71.1100,215.8100,104.0700,234.1900,51 0.0000,162.5200,77.6600,575.2800,52 74.7400,343.4000,117.1500,466.3700,47 265.2300,328.0600,278.7500,338.1200,41 227.4700,342.0100,284.8900,346.7800,57 76.6000,267.1400,86.5000,307.4500,43
/mnt/ai_models/coco2014/train2014/COCO_train2014_000000337546.jpg 472.9100,140.0100,640.0000,421.4500,52 357.1000,172.3500,413.5100,223.7000,43 195.2800,283.7500,324.8800,371.5600,47 143.7200,311.7900,294.0100,403.0500,57
/mnt/ai_models/coco2014/train2014/COCO_train2014_000000093612.jpg 353.0000,210.8600,376.8300,269.4600,13 546.5900,472.4200,611.5200,558.6400,15 174.3100,2.3300,360.6700,146.2900,43 285.6100,324.9200,567.8200,426.7800,57 475.9200,249.5000,508.1100,359.9900,13 448.0500,351.1400,501.3300,450.7800,13 253.0800,260.3000,359.6700,310.4200,14 60.4100,1.5900,265.4600,499.1400,49
/mnt/ai_models/coco2014/train2014/COCO_train2014_000000285002.jpg 143.7100,330.8200,203.4900,426.9000,31
/mnt/ai_models/coco2014/train2014/COCO_train2014_000000035951.jpg 214.4700,426.7400,244.9600,499.8200,31
/mnt/ai_models/coco2014/train2014/COCO_train2014_000000277122.jpg 195.6600,224.5700,288.6000,375.0000,31 176.0300,86.0300,259.7800,276.3200,49 231.9400,73.4300,326.7500,322.3100,49 41.6600,241.4100,50.3000,257.8400,26 53.2300,239.4000,63.3700,254.1100,26 460.3500,149.8700,485.2800,185.4500,26 484.7100,138.6300,500.0000,189.4900,26 473.9800,160.7600,495.9600,190.1400,26 305.5400,132.8000,333.1800,184.1400,49
/mnt/ai_models/coco2014/train2014/COCO_train2014_000000383329.jpg 43.1800,0.0000,308.9800,255.9100,63 145.8500,117.0700,448.1100,420.2800,49
/mnt/ai_models/coco2014/train2014/COCO_train2014_000000209200.jpg 495.1700,187.8300,640.0000,328.5200,18 0.0700,191.4600,80.2400,287.8400,18 70.2100,205.8800,148.8900,248.0100,18 373.0500,225.4000,380.6800,232.2000,3 83.9200,150.0900,447.1400,327.7300,74 452.7100,177.8200,566.9600,280.9400,74 67.3500,155.6400,98.0200,194.9800,63 264.7500,194.0000,277.8300,216.1100,49 389.4900,191.2100,442.7700,341.4300,49 515.9300,198.9600,551.5200,346.5000,49 131.6500,209.4000,158.8500,219.3400,18 43.2400,218.0500,72.0600,305.7100,31
/mnt/ai_models/coco2014/train2014/COCO_train2014_000000065179.jpg 142.9100,20.0900,190.1100,110.3000,63 261.8800,101.2300,322.3800,238.1600,49 167.8400,175.2900,198.0200,216.0100,31
/mnt/ai_models/coco2014/train2014/COCO_train2014_000000196082.jpg 316.0100,210.8800,428.0900,279.9900,71 44.4600,0.0800,500.0000,370.0500,49 3.1700,138.2300,150.8400,369.3700,49
/mnt/ai_models/coco2014/train2014/COCO_train2014_000000579065.jpg 155.4300,156.4000,163.2900,195.6900,13 247.1000,208.9700,265.8700,248.9600,13 308.7300,208.4800,324.0200,244.8400,13 178.6000,159.6400,188.0900,176.6200,71 234.2600,241.1500,384.5800,303.4200,57 140.1300,159.3800,149.9800,186.2900,13 143.5600,168.8400,161.4200,202.5500,13 159.4400,156.7700,172.6400,194.2300,13 193.6800,155.4400,199.4400,177.5200,71 194.9600,160.0200,205.3100,176.9100,71 180.2600,153.4300,185.9500,177.1600,71
/mnt/ai_models/coco2014/train2014/COCO_train2014_000000398569.jpg 238.2300,166.9100,341.8100,399.9600,49 23.8200,337.7700,165.7300,452.7400,70 494.2100,267.4000,604.5000,306.9300,57 592.9400,224.4100,609.9400,226.5800,71
/mnt/ai_models/coco2014/train2014/COCO_train2014_000000481810.jpg 62.5600,43.1500,487.5500,474.6100,42 460.0000,255.6800,546.5400,318.4700,45 167.1900,237.3800,403.4200,387.3100,39 460.5500,164.1800,550.4000,218.6400,23
/mnt/ai_models/coco2014/train2014/COCO_train2014_000000272490.jpg 582.7700,333.4900,640.0000,479.7400,45 1.0700,52.7200,608.8600,472.5900,39 0.0000,0.0000,413.9200,79.7900,75
/mnt/ai_models/coco2014/train2014/COCO_train2014_000000290597.jpg 239.4300,162.9900,314.6500,235.5300,75 292.6000,270.8300,475.3600,444.8300,22 393.8300,197.8400,465.1100,265.5100,42 255.0000,237.1700,335.1000,261.7300,39 335.2000,237.3400,352.5600,249.8800,45 400.3900,237.3900,453.6700,260.2700,39
/mnt/ai_models/coco2014/train2014/COCO_train2014_000000404233.jpg 124.8400,32.9300,426.1900,499.3000,49 207.3500,447.8300,280.8600,515.5300,49 127.5200,119.4300,216.7000,185.5300,33 20.4300,452.1300,35.0100,472.6400,49 35.5500,454.7100,48.5600,472.7600,49 177.7000,444.5300,195.3200,464.4300,49 27.2600,311.5300,150.6700,549.7400,49 278.9500,509.6700,304.6700,513.7800,33 318.4200,371.6700,353.2500,512.5000,49
/mnt/ai_models/coco2014/train2014/COCO_train2014_000000487788.jpg 160.5000,424.0000,219.1900,477.9000,62 392.9800,207.0300,599.0800,533.0000,49 38.8900,0.0000,272.1800,495.0700,49 336.2600,275.5700,458.5100,384.5400,33
/mnt/ai_models/coco2014/train2014/COCO_train2014_000000234454.jpg 195.0300,114.3500,347.9600,332.5800,28 335.6100,112.8000,387.8200,175.4500,33
/mnt/ai_models/coco2014/train2014/COCO_train2014_000000567437.jpg 215.7300,201.7100,323.6000,400.1800,52
/mnt/ai_models/coco2014/train2014/COCO_train2014_000000534468.jpg 388.9700,135.4000,481.3600,185.7200,75 338.1100,240.9600,359.3700,308.2500,13 23.7400,375.9000,158.9700,454.3500,22 17.8200,128.3600,272.7400,473.9400,49 87.6400,116.5800,98.3600,143.6600,13 95.9000,111.8800,106.1300,140.4000,13 36.6700,147.7800,145.6200,311.7300,52 1.0800,147.7800,46.3800,338.7000,52 259.8300,283.1700,292.6400,323.3600,26 426.0500,253.5300,464.3200,290.9500,26 405.5700,216.6300,635.3300,416.1800,42 286.5600,266.5200,317.4500,288.0000,53 208.0700,158.0700,214.6500,183.0100,13 201.7300,32.8200,229.3500,46.2900,14 49.5300,126.4900,87.4200,144.8900,3 132.6600,216.7500,640.0000,480.0000,27 436.4200,321.1000,577.3300,392.2700,39 273.7900,325.8200,435.2000,424.8100,12 248.6800,211.6000,269.4200,221.4900,53 282.7700,334.1000,342.1900,367.1400,21 443.6100,253.8600,447.2700,261.9900,61
/mnt/ai_models/coco2014/train2014/COCO_train2014_000000397148.jpg 286.9200,37.7500,476.7600,192.0000,75 68.8800,144.2200,249.6900,480.0000,49 274.4400,188.3400,493.9900,474.6200,52 429.8300,126.7800,640.0000,472.5400,49
/mnt/ai_models/coco2014/train2014/COCO_train2014_000000215176.jpg 150.9300,274.6900,212.2400,302.3500,60 160.2300,222.9700,222.3300,290.2500,49
/mnt/ai_models/coco2014/train2014/COCO_train2014_000000408219.jpg 90.1600,291.1900,426.0000,398.5800,60 99.3100,0.0000,322.7300,448.4200,49
/mnt/ai_models/coco2014/train2014/COCO_train2014_000000466723.jpg 259.0400,321.6000,428.4800,347.3700,60 398.1400,333.2200,629.0800,384.4400,60 343.1800,259.4800,383.6300,324.5900,49 246.1500,200.0200,311.3100,339.5300,49 344.1700,193.0700,405.8600,321.0400,49 393.4000,201.6800,431.0800,323.0900,49 426.4000,195.2100,487.9000,322.4400,49 13.4700,207.7500,105.8000,364.5200,49 115.4200,268.3400,223.1400,364.5200,49 444.3500,246.2200,554.9600,352.0200,49 287.0200,255.5500,382.2400,358.1600,49 178.1100,206.8900,237.2600,343.8300,49 67.9000,356.8800,238.5800,384.3400,60 244.0300,334.6500,426.8500,364.4600,60 220.6200,338.2400,261.3600,347.9700,60 449.3400,311.4600,473.0400,321.5600,60
/mnt/ai_models/coco2014/train2014/COCO_train2014_000000241027.jpg 13.1600,11.8500,585.6800,563.3000,20 19.2500,467.6900,599.6200,598.3400,39
/mnt/ai_models/coco2014/train2014/COCO_train2014_000000329667.jpg 223.5900,174.1700,235.5900,187.8500,49 236.8900,175.5500,250.0700,188.8300,49 269.5300,175.1400,480.0000,369.5000,42 273.5500,268.7300,465.3100,362.9900,39 69.6800,145.5200,74.3200,157.9500,49
/mnt/ai_models/coco2014/train2014/COCO_train2014_000000264712.jpg 0.0000,229.1600,77.3900,315.0700,26 439.1100,368.2000,539.0900,425.7700,61 414.8000,236.2700,504.6800,267.2400,61 471.0100,196.3600,533.4300,277.6000,61 364.5800,188.4300,476.7600,287.6700,14 191.0200,151.1900,272.7100,225.8500,14 378.9000,309.7700,498.3300,435.2500,14 126.2700,390.9200,228.0900,480.0000,14 57.0700,176.3800,151.6600,255.9700,14 53.2100,1.2400,248.3200,125.8100,42 136.9900,3.3100,249.1700,115.4900,39 432.1100,20.1500,467.3500,48.1500,21 58.7500,0.6300,640.0000,193.1300,24 0.0000,144.6200,640.0000,471.2700,27 217.2500,309.8000,318.2900,435.6300,15 241.7800,311.5800,254.8100,324.3400,15 271.7900,0.8700,566.0300,182.9000,49 513.4400,307.9800,640.0000,447.9100,14
/mnt/ai_models/coco2014/train2014/COCO_train2014_000000226681.jpg 56.2000,20.7700,481.7300,280.2200,54 269.5600,486.5700,501.2800,623.7100,38 72.5700,0.0000,483.8100,281.2300,38
/mnt/ai_models/coco2014/train2014/COCO_train2014_000000175353.jpg 234.0900,283.1800,322.5800,374.9500,15 186.0100,283.6200,361.6700,438.3100,15 257.8500,203.4100,348.1500,268.4500,15 386.7400,151.2900,424.1500,222.5200,15 330.5900,177.7200,409.5400,260.4400,15 335.6200,132.5100,353.2400,156.0000,15 216.8500,2.5600,286.1200,80.8700,13 51.2000,349.1600,107.7900,583.7100,32 188.4100,101.6300,240.5200,126.5100,32 34.8200,431.8000,81.5600,621.8800,41 182.7800,27.5800,372.6000,144.0000,41 162.5300,479.2300,337.1500,555.1900,38 152.4500,463.1000,310.6500,527.8200,38 144.7200,426.4500,304.0800,502.2000,38 228.8200,88.1900,389.7200,130.6700,38 237.8200,118.5500,392.4000,153.9100,38 258.3900,279.6600,297.3800,330.4400,15 356.6000,147.9700,396.5500,195.1800,15
/mnt/ai_models/coco2014/train2014/COCO_train2014_000000015185.jpg 369.8300,107.7300,633.0400,440.9000,38
/mnt/ai_models/coco2014/train2014/COCO_train2014_000000423310.jpg 279.2100,300.6200,510.8400,360.0000,27 299.3300,103.5500,389.1200,301.7500,49 220.0400,91.4200,309.0300,334.9200,49 374.9000,301.4600,411.8800,360.0000,77 227.4000,109.2100,240.2100,126.2100,26 386.5100,172.9200,406.9300,195.2700,57 549.1500,311.3800,619.6600,360.0000,22 262.7500,291.4900,287.9100,360.0000,22 97.2500,159.6200,220.6800,302.6800,47 198.7800,144.4200,225.3500,158.8600,3 145.0500,93.3400,198.1600,126.0300,43 526.4300,119.8200,588.7800,176.7300,66 204.8100,105.0100,219.2600,125.1100,26
/mnt/ai_models/coco2014/train2014/COCO_train2014_000000455874.jpg 138.4900,148.8700,196.1900,354.6800,49 136.3200,149.0800,159.1300,175.7600,49 462.3400,128.1000,619.0100,379.3300,49 22.8600,365.5100,67.2400,420.7600,14 181.7600,176.9500,358.7200,362.5700,47 542.7400,287.2900,632.5200,320.8300,57 454.2600,218.9200,472.0700,239.3900,61 459.8300,222.8000,477.4200,242.2200,61 397.6900,217.4600,417.1900,239.8900,61 574.0700,349.7900,639.5000,393.2100,14 256.1900,225.3700,280.1500,241.1300,14 94.8400,204.1200,103.1800,223.3500,13 0.0000,103.1100,37.1300,239.2500,61
/mnt/ai_models/coco2014/train2014/COCO_train2014_000000430405.jpg 425.0700,318.8900,567.6700,400.6400,41 0.0000,308.3800,249.9900,406.0000,14 260.7700,258.4500,315.5000,270.7500,57 6.3900,249.0700,243.6000,274.6200,57 73.8500,171.6700,89.9200,196.5900,21 266.0900,0.4600,584.3100,368.9700,49 580.4500,194.9100,639.1900,240.2600,43 80.5200,308.9400,204.3600,406.0000,15 481.8300,273.2900,640.0000,316.7400,47
/mnt/ai_models/coco2014/train2014/COCO_train2014_000000485259.jpg 335.9300,157.8100,389.5500,181.9600,4 247.4200,224.4100,285.6300,251.4100,5 312.5400,139.2100,441.1600,280.4100,49 313.1800,159.7300,339.4200,238.4500,49 120.3600,181.1200,281.7500,305.9000,49 41.6700,114.1200,149.1600,300.8200,49 492.2200,181.6500,508.0900,222.6900,49 562.8600,176.9900,590.5600,231.8200,49 622.7900,189.3900,634.7500,217.6300,49 528.0500,200.2800,545.2500,222.1200,49 445.1000,182.2400,457.0100,210.4000,49 371.6000,169.8200,386.1700,220.1000,49 198.5500,186.9100,211.8200,213.8700,49 444.3900,198.0900,465.9500,221.5600,9 131.7800,190.9900,141.3300,215.8200,49 580.3500,202.0200,583.8000,207.2600,5
/mnt/ai_models/coco2014/train2014/COCO_train2014_000000260932.jpg 318.2100,263.4700,328.2400,285.9700,21 168.3000,66.9200,285.4900,459.6900,49 264.6300,66.7300,379.6900,508.5500,49 450.7400,202.5500,637.9800,505.3500,49 520.0200,134.1200,552.0900,338.0100,4 438.3800,297.6100,520.5100,333.1600,4 500.1000,279.9300,559.2700,304.5400,4
/mnt/ai_models/coco2014/train2014/COCO_train2014_000000201768.jpg 5.7500,149.5700,281.8900,631.3700,49 238.3700,0.3600,367.0000,520.4500,4 0.0000,60.5400,65.0500,86.7400,18
/mnt/ai_models/coco2014/train2014/COCO_train2014_000000477451.jpg 248.5700,461.2100,268.9200,486.7000,62 90.6100,145.2600,312.0900,535.0100,49 212.0600,8.8900,288.2300,104.4700,49 196.6600,8.6800,227.0700,57.2400,49 340.3200,43.4300,358.5000,85.4400,49 202.7900,428.2200,295.9400,518.8000,5 177.4500,4.4600,198.0800,74.7800,49 221.1100,14.6300,256.5300,51.9600,49 9.0900,0.2400,35.1400,85.8700,49 399.3500,9.5500,427.0000,73.5200,49 328.8700,27.1600,348.8900,63.9300,49 368.0400,16.9400,397.1400,71.5100,49
/mnt/ai_models/coco2014/train2014/COCO_train2014_000000534391.jpg 440.0400,114.5600,455.1800,131.6900,62 120.0100,123.3900,337.7400,351.5600,49 0.0800,212.7600,103.0200,359.3300,49 313.8600,116.8200,414.2100,178.2400,4 60.7800,284.4500,103.3000,337.8300,5
/mnt/ai_models/coco2014/train2014/COCO_train2014_000000355261.jpg 205.8200,140.0100,321.2300,289.0700,49 39.4300,182.2400,212.5400,319.7700,49 190.5900,149.2400,210.8600,174.0500,4 200.8200,215.1100,224.2800,232.9500,5
/mnt/ai_models/coco2014/train2014/COCO_train2014_000000284020.jpg 128.0000,512.0000,283.3300,631.3700,70
/mnt/ai_models/coco2014/train2014/COCO_train2014_000000089232.jpg 123.8500,149.2100,250.6300,424.2200,70 381.1300,218.5100,471.6200,302.6300,70
/mnt/ai_models/coco2014/train2014/COCO_train2014_000000552929.jpg 425.3800,345.2800,490.0700,431.5200,70 502.3000,339.4800,582.5300,430.7300,70 78.7400,276.3800,174.7400,377.8900,57
/mnt/ai_models/coco2014/train2014/COCO_train2014_000000288627.jpg 264.3700,128.7300,492.9500,288.2300,24 571.5300,117.4600,632.5600,156.1700,42 348.9800,77.1900,399.8800,120.9400,75 597.5900,71.4900,620.6400,84.4100,75 432.5900,127.4000,438.3600,144.0700,12 408.5700,126.9200,416.3700,142.5300,12 416.4900,129.2300,428.3900,143.7700,12 509.5600,103.5000,548.8400,184.0500,22 15.9300,105.4200,113.7700,197.1900,22 202.4300,89.0200,258.7300,163.7500,22 554.1300,124.0500,575.0400,188.7400,22 289.9100,79.8500,307.6500,130.6000,22 538.1400,137.2600,584.7600,264.4200,22 144.6700,159.6800,241.4100,196.3900,7 575.1000,76.5500,596.6600,84.4500,75 310.1000,138.7300,358.2300,176.8400,42 406.0700,129.2800,411.2600,142.0400,12 406.9100,106.4800,410.4200,121.7400,12 415.8900,107.3600,419.8100,122.2200,12 410.0200,103.0100,414.6500,122.3400,12 430.3900,108.3400,436.5600,122.7700,12 330.6700,118.8400,342.4300,124.5100,12 219.9800,172.8000,262.9700,186.6800,12 601.4500,100.5600,619.9100,104.7800,12 427.1900,128.2100,433.4800,143.4600,12 331.4600,124.2500,340.1900,126.8600,12 202.6000,90.8400,253.7900,165.1100,24 380.0000,102.0000,433.0000,168.0000,12
/mnt/ai_models/coco2014/train2014/COCO_train2014_000000515803.jpg 273.8200,359.6300,360.8900,423.9800,75 72.3900,397.9400,193.9500,536.8800,22 225.7800,456.9300,612.0000,534.9500,7 61.5000,336.5700,143.0000,397.2000,42 288.4500,417.5400,375.8100,437.6700,39 63.6800,379.0400,142.5600,397.7400,39 388.1600,416.9400,403.0600,424.9100,45 14.4400,311.8100,22.6000,367.1900,12 11.0700,312.4000,20.6900,369.6600,12
/mnt/ai_models/coco2014/train2014/COCO_train2014_000000367873.jpg 107.3000,32.2700,206.8700,133.5600,37 24.4100,122.3100,77.2300,215.4100,51 24.2000,223.2100,81.6800,234.8000,12 27.2900,218.0700,77.2800,226.2400,12 34.2900,168.3100,257.6600,393.7700,7
/mnt/ai_models/coco2014/train2014/COCO_train2014_000000083862.jpg 40.9900,40.1800,119.7300,274.2500,13 318.1400,96.0800,376.2300,141.0500,49 289.0200,115.3600,316.9000,143.8600,49 88.4000,164.9400,225.7500,307.2700,26 573.2400,182.1300,639.7800,291.9200,26 184.4500,157.4800,373.2100,306.3400,26 99.8700,65.8200,137.3500,164.2900,13 250.7200,129.9800,273.1400,163.0600,61 0.0000,262.3800,296.6300,473.8000,27 477.8500,88.8300,538.4400,204.6300,49 314.6100,172.9900,604.3500,441.6000,54
/mnt/ai_models/coco2014/train2014/COCO_train2014_000000495460.jpg 376.1100,2.4900,640.0000,353.6300,54 0.8100,0.8800,390.6000,241.6900,54 286.3800,8.0900,448.1800,118.1100,32
/mnt/ai_models/coco2014/train2014/COCO_train2014_000000329527.jpg 59.7600,258.1100,107.2500,296.9400,22 1.4400,486.1100,478.9200,629.9300,27 61.8400,34.5200,441.5300,546.5200,49 200.2800,337.3200,365.9300,468.3300,38 0.9100,291.7600,81.1900,320.3300,27 319.3300,173.8400,403.2600,352.3800,49 2.8800,316.4000,464.5400,533.5700,8 57.4600,253.9300,110.1400,298.8100,8 201.5900,337.8100,372.3500,480.6800,54 1.6600,315.8400,465.4500,536.9400,22 429.0400,271.2900,480.0000,402.7000,22
/mnt/ai_models/coco2014/train2014/COCO_train2014_000000164388.jpg 0.9600,142.3000,578.7600,341.9100,73
/mnt/ai_models/coco2014/train2014/COCO_train2014_000000454867.jpg 0.0000,2.0000,469.0300,341.1200,73 403.9700,216.1400,455.7900,402.2900,49 61.5100,231.6400,94.0900,279.1000,49 586.4000,215.9000,593.3300,235.3000,49 603.4600,238.4000,623.8200,266.2100,8 216.8900,221.1000,236.0500,257.3700,49 575.8900,218.3200,578.8100,225.1300,72
/mnt/ai_models/coco2014/train2014/COCO_train2014_000000314050.jpg 0.0000,46.2800,375.8400,324.4000,73 375.7000,178.7600,431.4300,243.5800,2 472.8200,173.8100,502.7200,209.5400,2 161.7200,175.4200,209.2100,280.7000,2 114.3400,120.8100,207.1000,413.1200,49 349.3400,133.0500,433.6300,381.5200,49 507.8100,168.8700,522.9300,207.7500,49 462.1300,154.0500,505.8000,278.6700,49 443.4700,166.3400,465.3300,231.9400,49 368.9700,140.9700,394.5900,168.7300,49 112.9100,296.5500,152.5600,392.5200,36 75.3900,182.2400,111.1900,237.6800,36 284.8800,127.3900,338.1700,311.9000,49 192.6500,136.6800,244.3000,328.2500,49 430.1700,160.8300,446.6700,231.8500,49 441.3900,167.0900,448.5900,209.6200,49 460.2400,157.6800,472.1700,177.5200,49 70.1100,136.9900,132.6700,334.3800,49 269.5500,234.5800,328.2800,293.3200,36 505.1600,191.6400,510.3000,201.7700,36 198.4900,321.0000,244.3200,379.3600,64
/mnt/ai_models/coco2014/train2014/COCO_train2014_000000293723.jpg 175.0500,80.2800,590.9400,605.4200,20 0.0000,423.5900,198.0400,605.1200,7
/mnt/ai_models/coco2014/train2014/COCO_train2014_000000379612.jpg 62.7800,179.0100,431.3900,395.1600,75 49.6100,6.6000,182.1900,186.7700,20 120.9500,232.5800,248.8200,390.9500,49 371.2400,93.4800,496.1800,139.3300,0
/mnt/ai_models/coco2014/train2014/COCO_train2014_000000370808.jpg 524.1600,144.5400,636.0300,224.2400,10 0.0000,191.5300,602.3300,473.5200,20
/mnt/ai_models/coco2014/train2014/COCO_train2014_000000418134.jpg 17.2200,62.1800,268.3400,640.0000,49 195.8200,105.7900,373.7900,343.8700,67
/mnt/ai_models/coco2014/train2014/COCO_train2014_000000216556.jpg 66.4900,129.5900,126.7900,152.7600,18 2.1100,127.4000,27.3100,145.8400,18 249.7600,145.3500,286.7200,211.9200,49 279.1300,175.7400,308.9000,198.1700,67 0.0900,126.2000,21.0400,138.4900,18 64.5600,255.6700,89.3400,264.0000,33 425.7300,209.5500,429.9300,213.8200,62 435.6300,201.2700,439.7800,205.0300,62 445.7500,221.7100,450.3000,226.1700,62 382.7200,211.2400,388.1700,216.8500,62 451.0500,197.8300,456.4300,202.7600,62 427.5400,199.0400,431.9700,203.6900,62 409.2900,196.3500,413.6500,200.2000,62 420.9100,194.5600,424.7600,197.3300,62 196.3100,178.1200,200.4400,181.7900,62 416.5800,194.2100,420.6900,197.6700,62 482.5800,193.9700,487.4500,197.1400,62 113.1500,183.2400,117.6300,188.8400,62 195.0000,166.7300,197.7500,169.2700,62 37.0000,161.0000,499.0000,201.0000,62
/mnt/ai_models/coco2014/train2014/COCO_train2014_000000526953.jpg 269.1300,474.3100,287.9400,490.7600,62 96.6300,67.4200,209.9600,395.5100,49 147.9400,172.0900,180.3800,198.8100,67 51.8000,117.6800,83.3300,292.2300,49
/mnt/ai_models/coco2014/train2014/COCO_train2014_000000013160.jpg 72.1100,252.5100,264.3800,426.0000,42
/mnt/ai_models/coco2014/train2014/COCO_train2014_000000388498.jpg 244.6500,138.0100,317.9400,292.8500,13 332.8700,312.0700,640.0000,477.7500,42 53.5100,142.9000,83.7200,201.1300,13 334.4700,111.8300,449.5000,195.6500,75 141.1300,0.0000,252.4400,32.2000,49
/mnt/ai_models/coco2014/train2014/COCO_train2014_000000354290.jpg 11.8300,421.4200,37.6300,494.9500,13 91.3900,333.3100,124.1300,427.5100,13 102.1100,12.9400,363.8700,640.0000,49 401.9100,258.3900,416.2500,348.2700,41 358.4800,269.9500,408.7300,347.7800,61 161.4400,418.7400,430.9900,564.3200,42 181.2100,453.0300,352.3600,536.4500,39 368.2900,293.0400,395.0100,348.1500,41 417.4100,328.1800,425.5200,350.1400,61 383.0100,294.0200,397.5000,317.6400,61 385.8900,323.7000,403.4800,349.0800,61 5.4700,486.2100,91.0300,555.6700,14 95.2300,423.9900,164.3200,456.8900,57 414.0500,331.6100,480.0000,429.7500,26
/mnt/ai_models/coco2014/train2014/COCO_train2014_000000434141.jpg 100.3100,1.0800,640.0000,473.5300,42 31.2800,14.0200,180.1300,131.6000,75 3.7400,213.1900,509.9200,478.7500,7 19.3400,68.5400,298.6600,413.9800,66
/mnt/ai_models/coco2014/train2014/COCO_train2014_000000431207.jpg 336.4600,153.1300,382.8900,210.1100,66 562.7000,132.6500,599.1700,162.5100,66 420.1400,427.6800,479.4600,461.9400,36 1.7800,362.3300,64.7000,436.5100,36 98.7300,270.0100,160.6400,347.5800,36 508.8000,314.4800,640.0000,480.0000,49 321.5300,176.6600,389.8200,430.4300,49 231.0000,152.5600,312.3500,273.6200,49 387.3400,180.2000,477.1600,312.7200,49 272.0800,54.3800,333.6700,234.3700,49 0.0000,57.0900,640.0000,429.3900,49 203.7900,71.2600,290.2200,92.9500,8 318.5400,125.7300,372.1300,170.9500,12 430.6900,169.0600,464.0100,205.8700,66 72.6000,131.5600,108.3800,177.6800,66 518.0400,19.4700,553.7100,56.7200,66 267.7700,284.2100,297.5300,298.1500,36 477.7000,375.3500,539.5700,408.9800,36 478.2600,195.9500,487.1000,252.6900,22 276.7500,157.3600,301.4000,180.3500,66 32.3700,184.5000,65.3100,208.1300,66 533.5500,191.0200,584.0400,235.8900,66 351.8800,119.9400,394.8100,173.5500,12 334.5900,140.0300,352.4400,163.2200,66
/mnt/ai_models/coco2014/train2014/COCO_train2014_000000010082.jpg 0.9600,122.2500,61.1200,417.3600,49 88.0600,71.7900,236.4300,420.2100,49 459.9200,23.7200,640.0000,424.7500,49 214.8900,0.0000,456.5200,421.0200,66 315.8100,135.0500,385.7600,222.6300,68 148.3900,47.1100,184.7300,75.8000,22 187.3500,43.2100,206.2300,70.9400,22 207.4900,38.2700,234.0900,68.8500,22 134.9500,56.0700,152.1200,73.2400,22 172.5800,72.3100,185.9700,84.2300,22 491.1100,175.0700,527.8400,286.3100,51
/mnt/ai_models/coco2014/train2014/COCO_train2014_000000414555.jpg 109.6100,113.5000,160.8900,163.0000,34 229.5900,129.4800,263.2000,168.9700,34
/mnt/ai_models/coco2014/train2014/COCO_train2014_000000535860.jpg 383.1400,197.6400,507.6300,335.7900,34 101.9600,230.7200,217.7100,332.5100,34
/mnt/ai_models/coco2014/train2014/COCO_train2014_000000560587.jpg 301.5000,176.8300,514.8900,418.4600,34 102.5600,282.5600,217.9800,430.3300,34 589.5300,246.7600,606.6400,256.3700,25 564.0400,244.9500,579.1200,255.5200,25 370.7600,241.6000,381.0100,247.9600,25 233.7700,239.7700,242.2000,245.4200,25 242.9100,238.1000,252.4200,245.2700,25
/mnt/ai_models/coco2014/train2014/COCO_train2014_000000510258.jpg 134.6500,171.4100,326.5900,407.2900,79 91.6800,22.4400,586.3400,416.8400,79
/mnt/ai_models/coco2014/train2014/COCO_train2014_000000555771.jpg 10.5300,123.4900,264.2200,286.2300,79 159.2200,119.8100,387.6200,279.0500,79 431.7600,126.1700,548.8100,285.4400,79
/mnt/ai_models/coco2014/train2014/COCO_train2014_000000050948.jpg 107.6000,106.9900,271.3800,253.9400,79
/mnt/ai_models/coco2014/train2014/COCO_train2014_000000380893.jpg 106.2200,53.5300,523.5600,395.6000,28 100.6800,293.6700,279.4300,366.1800,28 191.6500,2.0900,326.5500,120.2500,75 474.4100,100.0400,639.6600,287.4900,27 227.8400,19.0100,306.8400,86.8100,49 246.8900,55.2000,255.3000,87.3100,68 210.0000,121.4600,278.1300,143.9100,12
/mnt/ai_models/coco2014/train2014/COCO_train2014_000000313082.jpg 76.4100,13.5900,510.8600,419.7100,28
/mnt/ai_models/coco2014/train2014/COCO_train2014_000000363031.jpg 0.0000,47.2200,640.0000,473.8900,28 0.0000,11.9400,640.0000,480.0000,24
/mnt/ai_models/coco2014/train2014/COCO_train2014_000000040201.jpg 12.2400,50.0100,577.0500,198.2300,0 2.8300,167.4300,46.0700,189.0500,74 291.0200,191.4100,347.8300,208.3800,74 461.0800,186.3900,470.3000,198.2900,74 422.6300,186.7500,434.5800,195.5300,74
/mnt/ai_models/coco2014/train2014/COCO_train2014_000000478880.jpg 260.7900,150.0700,417.4500,299.0900,0 329.1300,60.6900,482.6500,194.0700,0
/mnt/ai_models/coco2014/train2014/COCO_train2014_000000116622.jpg 257.2900,20.0100,640.0000,409.7500,0
/mnt/ai_models/coco2014/train2014/COCO_train2014_000000198671.jpg 261.8500,113.8300,283.0100,141.7200,49 459.0800,232.1000,506.1900,332.5400,49 349.7800,289.3500,405.3200,349.7500,49 424.9000,236.4200,462.2700,328.1000,49 263.4500,293.5300,305.0000,349.9400,49 168.0300,181.8600,378.4700,311.1000,30
/mnt/ai_models/coco2014/train2014/COCO_train2014_000000568531.jpg 229.5300,88.6700,535.5700,300.4800,30 519.0000,126.6000,640.0000,291.7600,30
/mnt/ai_models/coco2014/train2014/COCO_train2014_000000294749.jpg 201.9100,256.8800,254.4900,336.0600,49 223.5800,75.8000,532.5500,349.2800,30 0.0000,135.5700,86.1700,297.3700,49 0.0000,0.0000,262.5300,427.0000,74
/mnt/ai_models/coco2014/train2014/COCO_train2014_000000193931.jpg 9.9000,37.0500,76.9600,98.5800,22 73.3200,39.8100,100.8400,123.7700,22 240.3800,61.3200,271.2300,104.5100,22 220.8700,129.6100,289.2100,196.2200,22 366.6000,155.0700,572.9400,309.2300,22 326.2900,297.0600,631.7000,546.3400,27 10.5200,315.1300,315.4600,546.4700,27 8.3700,8.1700,312.0800,366.8800,49 115.0500,320.6500,286.8500,480.3400,54 169.1900,218.6600,312.3900,345.7500,32 109.1600,514.2800,170.4400,543.8900,32 487.8900,231.5900,572.7300,322.0900,32 10.3000,345.1100,210.1100,369.6300,41 16.0200,425.3400,84.2100,527.2000,61 260.4000,341.1800,311.9500,436.9300,26 326.2900,326.0400,366.3700,373.0900,41 366.4900,14.8600,626.9700,337.6900,49 480.1400,274.1000,542.6700,320.1600,26 326.7200,325.8000,366.7900,388.4900,61 245.2700,321.1700,312.2900,377.8400,14 533.4100,301.5400,603.8800,363.0900,14 246.4700,51.9400,261.7700,66.2600,22 262.7200,55.3200,276.5000,77.4100,22 12.6500,54.5700,38.9900,115.5500,27 266.8500,78.0300,313.4600,89.1800,27 223.7800,94.7800,310.6200,209.9500,27
/mnt/ai_models/coco2014/train2014/COCO_train2014_000000191551.jpg 326.6600,102.7700,422.1800,181.1000,75 447.9100,191.5400,502.4100,267.2200,22 367.1100,180.1100,435.2000,269.3600,22 484.1600,227.5100,640.0000,409.1500,22 0.0000,257.6100,144.4400,404.7900,24 150.8500,245.6700,312.1100,348.5100,27 220.9000,174.8000,283.4000,268.5500,49 166.5700,295.5100,260.3900,419.0100,49 576.0100,151.6300,636.2900,233.6600,49 0.0000,266.2500,190.9300,394.8200,49 298.1500,186.2900,362.5700,265.0800,49 405.8500,154.9500,498.9200,289.2800,49 446.2300,193.1800,617.0100,316.0700,49 462.3800,292.9300,485.3500,335.0600,26 75.1300,381.2300,106.8200,411.3700,26 447.6600,203.5100,452.8400,215.4900,32 486.4600,293.5500,527.8100,314.2300,14 111.7000,135.0800,127.5900,164.5200,49 45.4900,365.3000,72.2900,423.7100,78 461.1000,280.5200,479.9200,296.0500,26 69.5800,371.1900,95.0700,395.3000,26 99.9100,377.2200,133.4600,407.6300,26 260.8300,273.2000,275.5200,291.5600,26 163.2200,277.3200,174.8000,293.8000,26 444.2200,276.6500,460.4800,298.7400,26 184.1500,78.5600,223.9900,117.1200,51 0.0000,248.2600,15.7400,274.4900,49 436.7500,248.9100,450.4200,277.1400,13 277.8100,221.2800,285.2500,241.1300,13 492.5100,295.2700,504.7600,309.1500,32 544.0400,222.1000,552.2500,229.4700,61 42.4800,299.9300,78.1200,322.0900,14 610.7900,219.2900,638.2700,239.6800,22 168.1900,312.0300,416.0400,420.4700,22 542.7400,219.9300,551.5600,228.8600,32
/mnt/ai_models/coco2014/train2014/COCO_train2014_000000144275.jpg 245.6400,296.2100,640.0000,399.8400,32 209.1800,75.8000,389.5800,350.2400,17 119.9400,74.8400,262.9200,373.2700,17
/mnt/ai_models/coco2014/train2014/COCO_train2014_000000468538.jpg 373.8500,314.4900,509.5300,383.5000,71 219.2400,236.3300,305.3500,369.5000,71 256.3700,86.4600,329.0700,367.1900,71 2.1600,136.9900,640.0000,477.8400,57 247.6700,205.3200,464.6700,461.2400,26
/mnt/ai_models/coco2014/train2014/COCO_train2014_000000057926.jpg 611.0200,213.2400,629.5000,266.2900,13 569.4100,196.4100,610.9100,269.6300,13 0.0000,50.5700,96.6400,475.6100,52 530.6200,252.0200,552.8300,266.3200,14 492.8700,285.5500,615.9500,473.1400,47 408.3000,245.6200,533.5200,265.1500,57 478.5900,172.6000,541.2400,194.4400,51
/mnt/ai_models/coco2014/train2014/COCO_train2014_000000563935.jpg 52.2000,4.2000,433.5500,402.2900,49 21.7500,12.1700,325.2700,291.8800,49 13.4300,38.3800,150.6500,167.9200,49 516.9500,302.3600,637.8500,350.3400,57 596.1400,272.3700,640.0000,299.6200,35 7.8600,53.9000,70.2800,129.6200,49
/mnt/ai_models/coco2014/train2014/COCO_train2014_000000499862.jpg 0.0000,0.9500,639.6400,480.0000,50 217.8900,169.5100,440.5400,369.2400,15 79.8200,102.4700,241.6200,186.6100,15 1.0800,124.8600,207.5700,264.3200,15 396.7100,92.8500,640.0000,222.2800,15 251.9600,102.1900,325.0000,134.7700,15 240.0500,125.6300,312.3700,180.0500,15 296.5300,49.6500,327.8500,81.6400,15 76.0500,258.0800,231.9000,329.1400,15
/mnt/ai_models/coco2014/train2014/COCO_train2014_000000129359.jpg 119.7300,0.0000,269.6600,182.2900,49 503.7300,48.5400,615.9100,207.1000,26 133.2600,192.4700,280.0800,281.8800,61 81.0400,238.8100,321.5600,327.7500,14 287.1600,272.9800,479.3000,361.9300,14 1.3600,212.2700,161.0500,301.3600,14 222.1800,177.7100,640.0000,345.9800,50 0.0000,330.0700,640.0000,480.0000,27 1.1800,2.1400,253.8100,157.9900,49 244.7900,43.0800,339.6600,137.2800,22
/mnt/ai_models/coco2014/train2014/COCO_train2014_000000156020.jpg 371.5800,94.8700,489.0400,170.5400,15 115.2000,31.2800,220.2400,155.5100,15 462.6600,221.7600,483.4700,246.1400,15 51.7800,0.0000,614.8300,473.2000,50 118.1200,205.0300,203.9100,299.9800,15 315.1400,56.3100,418.3600,235.9700,15 327.9600,271.3800,413.7700,344.1800,15 270.4200,11.0500,307.3900,79.8300,15 473.7500,169.3800,502.5000,236.8800,15
/mnt/ai_models/coco2014/train2014/COCO_train2014_000000147960.jpg 14.6800,33.8700,620.1600,573.0000,49 18.7800,338.4200,271.6000,440.9900,58
/mnt/ai_models/coco2014/train2014/COCO_train2014_000000139897.jpg 60.4000,109.3000,386.8800,514.8800,49 132.2900,496.7600,225.3600,550.1000,58 0.0200,387.8000,47.1400,492.8500,18
/mnt/ai_models/coco2014/train2014/COCO_train2014_000000426370.jpg 0.0000,295.1300,52.0300,328.3500,18 0.0000,1.2000,427.0000,367.9400,49 59.8600,308.2900,68.8800,323.8700,18 31.0200,300.3500,62.1500,323.5200,18 1.6600,361.8800,427.0000,611.2300,58 127.0000,338.9700,427.0000,387.1500,58
/mnt/ai_models/coco2014/train2014/COCO_train2014_000000520696.jpg 149.6500,241.9600,267.7000,347.2900,24 236.7300,269.7600,430.8000,384.0000,24 88.3900,515.8400,218.8400,629.5400,22 10.9700,161.8200,124.2200,563.1400,52 459.6100,217.8600,477.4800,291.8700,75 374.0300,523.6400,478.0000,631.6900,27
/mnt/ai_models/coco2014/train2014/COCO_train2014_000000530284.jpg 37.6100,0.0000,542.3400,271.0400,75 71.8200,272.3400,351.0300,426.0000,49 293.3600,8.1900,429.0600,151.7900,49
/mnt/ai_models/coco2014/train2014/COCO_train2014_000000467431.jpg 337.2900,59.0000,430.6400,135.6200,75 508.8900,137.1400,533.1000,178.1100,22 496.4900,155.7500,589.4400,281.8300,49
/mnt/ai_models/coco2014/train2014/COCO_train2014_000000293418.jpg 135.4100,202.5800,214.8500,266.3400,51 1.9200,109.3900,84.4400,229.3300,75 205.9700,221.6200,640.0000,384.3000,24 0.0000,298.1700,109.7200,421.6000,24 88.7100,301.0400,133.9800,341.3600,51 448.6600,94.8400,463.8500,114.0700,23 591.2500,213.7400,639.5400,248.8600,51 0.5000,353.1500,88.3500,427.0000,22 296.2600,290.8200,502.9100,420.5000,27
/mnt/ai_models/coco2014/train2014/COCO_train2014_000000301381.jpg 0.8100,220.2500,242.7000,355.3500,75 577.5500,111.4800,640.0000,252.3900,24 261.3200,126.0100,307.3000,183.3900,75 427.0600,304.2400,461.8600,340.4200,26 431.1500,274.6600,481.3400,302.7700,53 388.5800,277.3300,408.6500,309.3700,53 358.8400,140.2300,436.1200,243.7300,22 520.0600,27.2100,528.9800,42.6800,12 528.4200,25.0600,534.7100,40.7600,12 583.6300,154.4000,640.0000,226.8100,22 333.4000,157.2500,342.4300,162.0300,45 531.1500,21.6600,543.3400,40.3100,12 535.8900,41.8000,545.1400,57.5100,12 552.7100,101.9200,557.9300,116.9800,12 531.9900,43.0500,538.9600,59.7800,12 512.4100,0.3200,538.8200,23.6300,12 367.4700,296.1200,401.1300,325.0000,12
/mnt/ai_models/coco2014/train2014/COCO_train2014_000000173550.jpg 1.5000,34.4800,298.9700,279.3600,75 229.4100,125.6600,471.9600,615.1600,49 429.9900,121.0500,469.8900,188.7000,53 46.4700,242.9000,236.1900,275.6600,39 380.7200,359.9600,480.0000,640.0000,24 289.7100,560.1000,363.6200,640.0000,42 152.8900,607.9400,287.7500,639.1300,42 141.3900,285.8900,203.9200,301.9500,12 231.2200,362.1200,273.7000,396.7800,53 82.9900,553.2800,123.9200,595.0500,53 74.8700,533.4100,93.1400,564.2700,53 0.1800,428.4100,187.5900,640.0000,49
/mnt/ai_models/coco2014/train2014/COCO_train2014_000000294330.jpg 1.0800,90.6100,151.0100,240.5400,42 473.3100,201.4800,511.6400,228.1300,45 159.1500,153.4200,191.0800,169.3800,45 306.3400,156.4000,480.0000,214.6500,39 501.1700,22.1900,513.6600,81.4400,12 227.8900,38.6500,345.2300,136.3400,75 540.0500,291.1800,617.4300,337.9300,53 1.2500,305.6300,160.0000,474.3800,24 392.3800,18.4500,403.1300,74.3000,12 98.4900,285.3000,224.4200,416.2100,12 386.1600,15.1300,403.0200,66.6800,12 446.5100,39.8100,456.4300,75.7800,12 479.3000,21.2800,489.0500,77.5000,12 337.9200,12.6700,343.6700,38.7900,12 469.0300,22.8300,481.4300,77.4300,12 493.3500,23.1900,497.5300,80.1000,12 0.0000,401.1800,35.2100,442.5900,12 284.2600,166.6900,492.4700,444.7200,22
/mnt/ai_models/coco2014/train2014/COCO_train2014_000000264605.jpg 0.0600,0.4900,92.0900,38.1900,75 226.6100,111.2900,500.0000,372.5800,24 4.0400,103.0400,193.1600,364.9000,22 311.0800,67.5600,448.2300,156.8800,22 135.6800,182.3700,157.7200,214.4000,26 397.8400,204.1900,442.1700,222.8400,53 97.0500,207.0100,128.3700,222.1400,53 96.6900,207.7500,128.2900,223.8900,21
/mnt/ai_models/coco2014/train2014/COCO_train2014_000000543729.jpg 172.9700,302.1600,297.3000,350.8100,53 202.2900,194.1200,328.5900,242.9000,53 373.6900,234.2000,413.4200,334.0600,53 486.9800,217.3500,520.8500,232.2500,1 23.6900,228.1600,192.0000,341.6100,12
/mnt/ai_models/coco2014/train2014/COCO_train2014_000000521094.jpg 166.5400,111.3500,364.0600,257.5600,49 184.6400,214.2600,350.5500,271.2700,65
/mnt/ai_models/coco2014/train2014/COCO_train2014_000000298139.jpg 55.7400,230.2600,225.8400,414.3200,65 109.4700,63.5300,310.8200,358.2100,49
/mnt/ai_models/coco2014/train2014/COCO_train2014_000000464752.jpg 355.6300,117.6200,463.0900,264.2100,49 376.5400,237.8000,503.7100,271.6000,65
/mnt/ai_models/coco2014/train2014/COCO_train2014_000000402120.jpg 20.8800,54.7900,177.3300,417.7100,49 223.5300,9.3500,418.2800,419.0000,49 411.6300,60.1700,610.2800,425.0000,49 188.5300,69.6200,284.8000,405.0400,49 168.4700,78.4900,246.9600,241.2200,49 0.0000,60.1600,53.7200,220.9000,49 135.6200,249.2700,261.6900,420.2200,64 441.6400,131.5800,564.3400,229.1000,2 604.6100,130.3600,640.0000,312.3000,49 164.8600,91.1400,227.4800,157.6800,49
/mnt/ai_models/coco2014/train2014/COCO_train2014_000000023283.jpg 308.2500,104.3500,543.7500,417.3800,64
/mnt/ai_models/coco2014/train2014/COCO_train2014_000000076122.jpg 266.2900,116.1500,496.3500,277.1100,42 0.8500,107.2900,198.0800,268.1300,42 0.0000,218.5800,198.0700,267.0000,39 265.2000,216.6400,492.4000,271.5400,39 98.8200,301.1000,262.6700,369.5100,64 467.7000,150.2100,500.0000,221.0000,26
/mnt/ai_models/coco2014/train2014/COCO_train2014_000000294226.jpg 0.0000,330.4500,330.4500,420.2200,61 405.9000,54.4400,582.5800,210.1100,14 218.0000,8.4300,351.2500,116.0100,14 1.1000,2.2100,639.1600,419.4800,27 137.0800,130.9800,221.6800,200.9900,14
/mnt/ai_models/coco2014/train2014/COCO_train2014_000000428345.jpg 101.0900,145.4100,144.1800,180.4300,61 299.0900,70.7800,423.7000,135.4300,14 155.3600,71.4700,300.7300,142.8500,14 423.1300,2.6600,549.8900,59.1100,14 347.6200,27.0100,491.8400,84.0500,14 415.0200,74.2000,640.0000,203.8000,14 143.4500,146.6000,166.7000,165.1400,32 353.5700,192.0200,532.8100,332.2900,54 0.0000,0.0000,640.0000,480.0000,27 488.7900,58.4300,574.9400,82.3800,14 46.3200,168.8600,209.7000,273.2800,54 214.3600,269.5900,461.1700,454.1300,54
/mnt/ai_models/coco2014/train2014/COCO_train2014_000000547633.jpg 106.7000,0.3500,197.6100,134.7300,13 415.2000,0.3100,480.0000,66.1100,13 316.4200,293.6500,475.3500,433.9600,26 289.9200,162.5500,429.1100,294.8200,26 332.4800,410.3900,437.0600,609.1900,61 314.2300,363.9600,358.9200,570.0900,61 43.1500,356.6700,314.9700,537.8900,14 441.0800,91.5300,480.0000,407.2100,57 34.8200,303.0700,316.6600,454.4000,14 191.0100,0.5300,429.5700,169.6400,14 1.6600,24.4400,113.0400,528.1200,47
/mnt/ai_models/coco2014/train2014/COCO_train2014_000000321344.jpg 119.4600,0.0000,329.3300,230.3100,51 519.5800,306.2200,640.0000,434.7000,1 0.0000,281.3700,37.2300,410.2800,1 37.5800,306.1400,307.1100,390.9800,53 46.3800,348.2200,257.8000,464.7200,12 246.7200,357.6100,327.2900,421.3400,12
/mnt/ai_models/coco2014/train2014/COCO_train2014_000000302216.jpg 99.3700,247.4400,222.1100,381.8800,1 260.9700,226.3900,347.3000,311.7400,46 143.8400,143.9300,207.9900,291.6600,19 89.9800,97.4500,174.2300,251.8100,19 25.1800,243.2500,142.6900,357.9600,1 144.4400,22.7000,224.6200,78.7300,15 44.1900,39.8800,147.6800,107.7900,15 210.4100,267.2000,273.6600,365.9000,1 239.1100,267.3400,286.7800,365.8700,1
/mnt/ai_models/coco2014/train2014/COCO_train2014_000000307884.jpg 538.3700,165.8100,564.1000,188.0300,51 358.9400,232.7400,640.0000,481.0000,22 91.6700,249.0600,486.6600,470.8900,27 46.4700,133.5400,189.0400,318.5300,49 341.0600,40.4000,462.3700,310.3100,49 334.4600,209.6100,598.5800,481.0000,49 0.0000,200.2500,241.0400,474.6500,49 258.6400,110.9300,368.9200,303.0400,52 212.8600,312.3300,246.7400,381.4900,26 166.3400,290.5500,198.0400,354.2400,26 278.8100,270.4400,304.7000,307.7400,26 357.5800,233.1900,378.1800,263.6700,61 306.5800,317.9600,347.7500,346.1300,61 371.5700,245.4500,451.3500,292.9500,14 332.3400,286.5600,361.6200,345.0000,26 348.5600,354.9500,397.4100,366.7600,32 377.7400,305.9800,395.9700,313.3500,32 248.3100,319.4300,346.1300,391.6600,14 570.8700,208.9100,609.9100,221.7800,14 589.7400,198.2900,604.4200,210.0900,3 581.5000,202.3700,594.3100,210.0500,1 586.5100,200.6000,596.1900,207.2400,46 625.1300,196.9200,640.0000,234.5600,47 572.0400,203.3100,582.2100,209.3200,46 180.6500,265.3800,241.0100,345.8600,77
/mnt/ai_models/coco2014/train2014/COCO_train2014_000000076308.jpg 140.1600,101.0200,597.9400,328.5500,16 278.8000,168.4100,320.6500,235.0800,49
/mnt/ai_models/coco2014/train2014/COCO_train2014_000000217592.jpg 176.0500,242.1800,226.2200,338.8700,16 212.6900,252.9000,250.0600,333.4000,16 240.3900,256.9200,281.3200,325.5500,16 401.3600,251.0400,487.8200,338.4100,16 119.9800,237.2800,163.0800,353.3100,16 144.6200,238.4200,187.2900,342.9800,16 399.5300,242.1800,485.2700,341.6000,73 273.8400,262.1100,401.2100,318.6700,73 0.0000,229.5900,140.3400,372.1800,73
/mnt/ai_models/coco2014/train2014/COCO_train2014_000000393097.jpg 168.0900,47.7500,570.1700,363.8800,16 186.7700,171.1400,276.3500,390.3100,49 132.3800,189.0200,201.4700,368.9200,49 50.9900,208.7400,109.7500,373.7200,49 358.0800,132.0900,426.1100,205.9500,49 43.8200,277.1000,55.8900,309.0800,36 398.8800,153.3400,415.4300,192.4100,36 382.9000,105.1600,424.5900,173.6100,49 348.5700,105.5500,387.6300,175.5500,49
/mnt/ai_models/coco2014/train2014/COCO_train2014_000000373480.jpg 323.8700,137.9500,417.3700,240.0400,23 479.0600,151.9800,531.9300,252.2000,23
/mnt/ai_models/coco2014/train2014/COCO_train2014_000000022958.jpg 2.8900,2.5900,615.5500,420.9700,23
/mnt/ai_models/coco2014/train2014/COCO_train2014_000000394008.jpg 174.7800,322.4200,247.9700,425.9300,23
/mnt/ai_models/coco2014/train2014/COCO_train2014_000000125218.jpg 19.4900,255.0300,37.0200,272.8000,62 311.1200,85.3200,394.8400,334.2400,49 175.4500,84.1700,277.6500,342.2400,49 11.9500,9.8200,209.9900,375.1600,49 95.3900,120.0900,163.5200,183.1100,5 245.4700,212.9200,275.2000,251.2500,5
/mnt/ai_models/coco2014/train2014/COCO_train2014_000000286234.jpg 280.5800,396.2700,293.0000,408.6900,62 362.4300,162.9500,480.0000,474.6800,49 218.1200,170.7200,258.9700,256.6500,49 168.1900,163.6000,210.1400,258.4300,49 0.0000,85.0100,61.1800,250.7000,49 175.6200,98.9400,222.5900,248.6300,49 378.8300,85.8200,414.6500,175.1400,49 528.0100,74.0100,554.5900,151.7600,49 573.5400,55.8900,589.8900,113.6900,49 533.6900,155.8100,578.7900,324.4000,49 165.8500,56.1500,210.5200,150.0600,49 64.7900,154.8400,118.3000,262.4600,49 128.0400,140.7600,175.0800,251.5500,49 391.7500,331.6100,532.7400,440.3000,67 259.4200,179.5700,297.9200,252.3500,49 315.4100,390.6100,322.5000,395.9300,62 296.5100,397.1300,308.7800,408.3000,62 301.4700,388.7700,311.7300,397.2500,62 258.0500,398.5200,269.8400,410.3100,62 0.0000,0.0000,636.0000,316.0000,49
/mnt/ai_models/coco2014/train2014/COCO_train2014_000000173482.jpg 263.0000,277.4400,291.1700,302.0000,62 40.3400,16.4700,75.7200,52.8100,62 85.4700,70.1200,224.0600,356.9400,49 265.7900,90.5900,389.5300,378.9800,49 345.6600,71.0000,540.1000,481.0000,49 624.8000,213.0300,639.5600,237.2100,49 599.4100,198.8500,619.3100,238.3700,49
/mnt/ai_models/coco2014/train2014/COCO_train2014_000000437516.jpg 88.2800,353.7700,248.0200,456.0100,58 110.7400,10.0700,323.6000,445.8400,49 261.6800,268.3500,334.2700,365.7000,49 314.5300,184.6400,379.0500,267.5900,49 359.5200,220.0200,402.2100,266.1700,49 406.3200,155.4900,427.0000,266.6500,49 80.9900,150.4100,152.3600,256.9900,49 55.4200,225.3800,105.9500,320.8300,49 101.4300,223.8900,141.1800,268.5000,49 0.0000,240.8000,46.8800,340.3400,49 0.0000,305.4700,44.4900,393.6000,49 98.3400,238.5900,149.4000,346.6500,49 146.3600,244.3900,171.8400,286.0000,49 336.2000,207.6600,352.7600,216.0500,21 303.8800,199.9200,317.4200,207.1900,21 164.6300,297.5300,221.2700,393.4500,49 20.0000,171.0000,339.0000,393.0000,49
/mnt/ai_models/coco2014/train2014/COCO_train2014_000000492164.jpg 0.8500,125.8500,180.2700,370.7500,7 143.1500,134.9200,178.0000,193.2400,21 418.0300,213.6200,500.0000,375.0000,24 130.5200,51.1100,442.6400,375.0000,49 224.8400,150.2100,250.4700,172.8600,54 420.2400,213.0600,499.4600,338.6200,7 180.3500,313.8800,272.2400,347.7900,12
/mnt/ai_models/coco2014/train2014/COCO_train2014_000000096311.jpg 138.0700,28.0400,384.0000,400.1800,21 113.0000,111.5000,640.0000,475.2600,49
/mnt/ai_models/coco2014/train2014/COCO_train2014_000000577939.jpg 123.2700,312.3500,197.3100,640.0000,68 0.0000,34.5200,376.8100,632.8100,49
/mnt/ai_models/coco2014/train2014/COCO_train2014_000000034333.jpg 261.7100,277.4400,293.5400,355.3300,68 107.0700,101.2000,438.3500,597.5000,49
/mnt/ai_models/coco2014/train2014/COCO_train2014_000000212380.jpg 259.0600,372.6300,288.7900,492.8200,68 23.8700,200.0200,76.3900,255.8300,18 78.5200,133.5700,85.7500,148.8100,72 96.8200,159.4000,104.8700,175.3200,72 65.4800,139.4700,70.7800,152.4300,72 0.0000,58.9700,457.3500,640.0000,49 64.6700,204.3400,114.4800,246.2900,18
/mnt/ai_models/coco2014/train2014/COCO_train2014_000000409166.jpg 188.8500,87.0100,524.0400,355.9600,17 71.4300,69.1300,330.6500,243.3200,17 566.5900,94.4800,640.0000,199.8900,17
/mnt/ai_models/coco2014/train2014/COCO_train2014_000000110442.jpg 240.1800,334.6700,402.7000,482.8000,17 412.2600,249.3500,480.0000,374.0300,46 83.0000,240.2500,213.3300,367.1600,17 202.1200,231.7100,312.2100,339.4400,17 53.2000,171.2900,155.2100,262.2500,17 71.5600,135.4100,152.6500,189.4700,17 151.2700,156.2600,249.3500,257.6600,17 125.2700,74.9800,189.2900,117.3300,17 110.4200,37.2200,166.1300,82.6400,17 67.5700,86.5900,133.3700,142.1300,17 61.0700,61.2000,126.0800,102.4200,17 0.0000,35.4600,73.7100,114.7100,22 0.0000,43.5600,480.0000,631.2900,27
/mnt/ai_models/coco2014/train2014/COCO_train2014_000000223790.jpg 406.3600,0.4200,514.6200,198.0800,78 260.0300,24.4900,419.2100,292.8900,26 417.5700,258.7600,612.0000,568.1300,32 170.6300,335.6800,563.3600,435.6200,32 446.6200,266.0400,612.0000,455.7300,41 96.4900,385.2600,435.5700,597.5300,17 141.2000,0.0000,225.2100,174.0200,26 529.4800,140.2800,612.0000,184.2900,32 1.5900,0.0000,612.0000,602.4600,27
/mnt/ai_models/coco2014/train2014/COCO_train2014_000000432448.jpg 461.5900,232.4800,640.0000,286.0600,41 202.3200,117.2900,327.7200,191.6100,46 109.8100,147.7400,199.2500,277.9200,46 95.8000,90.9500,209.0600,165.2100,46 207.1700,54.3400,314.7200,125.6600,46 295.9100,38.4000,402.0700,132.1400,46 258.7600,0.0000,366.8400,42.2200,46 109.7100,1.2500,229.4000,81.0400,46 41.3800,0.1400,446.9000,301.6200,54
/mnt/ai_models/coco2014/train2014/COCO_train2014_000000297639.jpg 0.0000,231.4500,86.5000,388.8100,24 593.5900,146.4800,640.0000,342.7500,52 276.3500,83.4800,292.6600,103.6300,23 188.7100,208.8500,276.3700,357.9700,22 43.8100,253.7800,204.5800,427.0000,22 71.3300,230.1300,253.5000,297.6000,27 154.7800,245.4600,198.5300,263.2500,14 456.8100,150.5100,550.1000,268.8000,47 337.5600,168.3000,390.4500,186.5700,57 183.6100,229.0000,190.4200,242.1300,77 612.5000,16.9300,624.8000,48.4500,13 378.6200,145.4800,385.1500,158.7800,13 627.6600,0.3600,640.0000,46.4000,13 377.1700,71.3700,383.1300,83.8700,78 571.8300,147.0800,582.3900,166.5100,41 568.2900,147.8700,576.2300,159.4100,41 564.4900,147.6800,573.4400,158.5200,41 560.0400,146.6000,568.1900,157.3900,41 158.8800,240.4600,190.4400,257.8500,46 471.0800,97.5200,555.4000,138.8500,43 602.4700,22.7700,613.2800,49.3900,13 621.0500,27.7500,629.2900,45.9700,13 400.9300,58.3900,408.8900,76.8600,13
/mnt/ai_models/coco2014/train2014/COCO_train2014_000000229302.jpg 171.5100,4.3100,604.0400,462.7400,54 62.1200,103.9100,206.6800,291.3900,46
/mnt/ai_models/coco2014/train2014/COCO_train2014_000000341232.jpg 150.7200,230.3000,219.2600,320.7700,22 287.0700,229.6300,356.5600,320.2500,22 364.9300,258.1400,500.0000,351.4800,24 26.1200,257.8600,141.5700,343.8100,24 0.0000,335.8700,19.9500,361.8100,46 0.9200,349.2900,36.2100,376.1000,46 244.3800,233.6100,265.8400,286.3500,77 0.0000,346.8700,65.1400,389.2900,14 205.5200,197.9900,299.2000,368.0300,51 449.8000,253.9700,473.8400,350.1600,51 447.1300,313.7200,472.9300,350.1300,77
/mnt/ai_models/coco2014/train2014/COCO_train2014_000000128029.jpg 236.9300,71.8700,453.6300,421.4900,51 64.2400,188.6700,349.5900,532.4100,20 119.3900,99.3400,254.4300,454.0700,51 164.0100,377.8200,186.8500,453.5000,77 465.9800,287.6400,545.0800,464.5400,77 342.1900,262.1500,418.0800,419.6500,77 299.8000,413.7200,463.0600,468.3200,14
/mnt/ai_models/coco2014/train2014/COCO_train2014_000000110567.jpg 112.3600,197.7500,231.4600,487.6400,77
/mnt/ai_models/coco2014/train2014/COCO_train2014_000000516911.jpg 180.7100,226.0400,342.3600,409.7600,25 153.8100,54.7800,264.2600,425.3600,49 253.0700,85.4700,335.7600,275.5000,49 337.6200,85.2100,444.4000,230.8300,49 461.7100,75.2300,538.0600,341.3400,49 174.7500,223.3200,344.2200,409.9000,37 308.8200,108.4200,392.5900,168.7700,18 258.5700,120.1700,270.7000,129.7300,49 235.7000,109.7100,309.0100,153.7900,18 1.2400,2.4200,186.5300,212.5800,16
/mnt/ai_models/coco2014/train2014/COCO_train2014_000000064455.jpg 0.0000,143.2400,223.7100,370.9800,37 257.5500,188.9300,304.0900,258.5000,72 447.0400,101.8600,478.0900,158.8600,72 439.8900,351.4000,460.1100,375.0000,72
/mnt/ai_models/coco2014/train2014/COCO_train2014_000000068359.jpg 90.0800,64.9500,419.0600,464.4300,17 0.0000,315.5800,497.0000,492.2100,27 315.2500,243.8800,407.7800,365.1400,37
/mnt/ai_models/coco2014/train2014/COCO_train2014_000000063689.jpg 268.1700,149.3200,347.8100,305.3500,49 227.1600,288.3300,380.7700,315.2900,59 143.9700,189.4800,150.9000,199.2200,49
/mnt/ai_models/coco2014/train2014/COCO_train2014_000000173121.jpg 108.2100,12.3800,354.5400,307.6700,49 43.0100,259.2400,474.6100,370.0000,59
/mnt/ai_models/coco2014/train2014/COCO_train2014_000000225567.jpg 247.0400,155.1100,424.7400,545.1800,49 461.2600,227.7500,480.0000,371.8900,49 221.3800,243.8200,261.9400,334.8900,49 98.0200,316.5200,121.6600,335.4300,49 76.4300,306.2400,83.9800,321.1600,49 128.6800,209.5100,134.5300,215.9400,49 34.9300,288.9300,42.2700,298.6400,49 280.9100,459.3300,384.9600,639.6400,59 455.8400,244.6200,480.0000,287.9000,2 151.8100,254.3300,155.1600,262.6400,49 158.4300,257.7800,162.6000,265.4700,49 148.8000,253.9800,151.1900,262.4000,49 34.9800,295.4000,42.3100,299.5200,59 426.6700,372.4200,471.9700,383.2200,59
/mnt/ai_models/coco2014/train2014/COCO_train2014_000000581285.jpg 34.4500,123.7200,330.4300,294.4200,15 325.1100,228.8100,378.5800,287.0000,15 176.8700,93.7900,269.5400,145.7600,19 76.8400,27.7900,299.9200,152.3800,19
/mnt/ai_models/coco2014/train2014/COCO_train2014_000000013703.jpg 135.3000,45.1900,414.0900,419.5600,15 0.0000,1.7300,640.0000,44.9100,27 45.4700,33.2700,640.0000,421.4500,54
/mnt/ai_models/coco2014/train2014/COCO_train2014_000000369546.jpg 72.2700,4.3100,266.4300,143.4600,14 370.4500,108.4200,590.6800,215.7200,15 0.0000,0.0000,640.0000,480.0000,27
/mnt/ai_models/coco2014/train2014/COCO_train2014_000000312074.jpg 5.5100,203.8600,89.0700,300.2800,9 400.1300,108.1400,598.7600,419.9900,49 98.8300,45.1000,217.8200,327.2100,49 168.4800,82.1900,244.7900,159.5700,49 320.8500,90.9500,398.6500,279.7400,49 556.8300,69.7200,629.9200,421.7100,49 512.0900,96.2300,542.6800,117.0600,49 105.0800,87.9800,357.2700,427.0000,49 374.8500,125.9200,426.8500,278.1600,49 409.7300,105.9400,471.9200,232.1200,49 608.7200,127.0500,640.0000,171.9600,18 462.9600,148.9400,492.2000,180.0900,18
/mnt/ai_models/coco2014/train2014/COCO_train2014_000000492131.jpg 179.6000,339.7200,283.2200,402.5200,18 275.5200,342.5300,418.8500,404.5300,18 85.8500,316.8300,124.8800,329.9100,18 24.0300,317.4900,65.1600,333.1400,18 408.1300,337.8100,473.9500,352.7100,18 254.2400,226.1700,303.1100,295.4100,44 17.3100,317.3500,34.7900,360.9600,49 203.4800,258.0300,554.9700,347.3000,74 563.1300,318.4600,578.2300,346.2900,49 513.9000,321.2200,540.6700,350.4100,49 618.3300,316.5300,631.1500,359.1000,49 254.0700,231.3800,301.9900,290.6500,9 86.1900,316.5500,122.8100,329.7000,74 82.8000,328.6600,97.5200,361.5400,49 254.6700,198.7300,292.4700,263.0900,49 155.8200,342.4200,188.2300,398.0300,18
/mnt/ai_models/coco2014/train2014/COCO_train2014_000000108701.jpg 250.7600,407.8500,282.0300,439.7200,9 285.8200,410.3600,307.3100,438.8900,9 195.1400,413.5800,218.1300,440.9200,9 1.0300,402.4100,198.1900,474.6700,18 415.0300,396.0400,429.3900,446.8100,49 191.9800,414.9400,216.2100,438.7500,44 469.2600,404.3100,488.8500,433.0300,9 242.0300,416.2400,249.9800,439.5000,9 526.0600,305.6800,558.9500,350.7300,72 411.5300,417.6400,418.3600,438.2600,36 412.5400,405.9700,422.8000,419.0200,36 322.7400,396.0800,327.8400,408.9800,49 453.7500,397.6800,470.6400,442.3500,49 249.4700,399.4700,263.4500,437.1200,49 271.0600,403.1300,279.9900,414.3000,49 431.4300,356.3900,438.6400,377.5400,72 184.5400,225.4200,202.2700,241.5400,23 396.0600,398.2900,415.4800,447.8800,49 274.3900,413.9200,286.3800,440.3200,9 319.9200,410.8700,328.9900,437.3200,9 219.6100,411.4900,239.3000,439.7400,9 230.6000,416.5900,242.5800,439.8300,9 177.7500,411.3000,196.8000,440.7100,44 427.1100,403.2800,444.6600,428.1500,44 322.5600,399.4500,348.6600,441.0900,44 161.5500,413.8600,184.9500,437.8600,44 443.9800,393.1900,455.5500,430.6300,44 594.3900,398.6300,622.8500,422.2800,44 576.4100,406.7700,587.2200,420.7000,44 235.8300,399.6200,243.1200,412.8100,49 473.9400,391.4900,477.9400,400.6700,49 352.8100,409.0700,369.5500,437.5200,44
/mnt/ai_models/coco2014/train2014/COCO_train2014_000000472690.jpg 414.1100,330.0400,450.5000,347.6100,29 421.5900,347.3300,460.2000,362.3700,29 466.6400,345.2100,504.2900,365.1600,29 448.4200,320.7900,490.7300,339.3200,29 451.6200,334.0300,491.9600,353.7900,29 426.4100,356.8000,463.8900,368.3300,29 409.9200,314.9200,447.9800,333.9500,29 351.4200,246.5300,375.1600,278.5300,29 397.4300,248.2100,426.7400,280.3100,29 225.1400,239.9500,249.2300,272.4800,29 209.2600,241.5100,226.8900,271.2900,29 1.0000,24.0000,588.0000,460.0000,29
/mnt/ai_models/coco2014/train2014/COCO_train2014_000000539920.jpg 148.9100,415.5700,262.6900,498.1900,14 135.1900,1.4400,473.1700,427.1500,49 78.2000,384.9800,107.7900,406.4700,29 171.5200,381.3000,205.4100,418.5400,29 150.0800,377.9700,185.9200,410.6300,29 96.6500,368.1200,124.2700,389.0700,29 128.5600,392.6000,164.0700,424.0400,29 141.2400,363.6900,169.9100,385.4200,29 120.2700,373.6300,151.4200,390.3400,29 61.3200,372.6800,92.1900,398.9600,29 88.8100,396.0200,129.8900,422.7200,29 78.6700,384.0000,108.0200,410.6400,17 128.3800,395.4500,162.6000,424.8300,17 268.3300,419.1700,480.0000,615.8300,47
/mnt/ai_models/coco2014/train2014/COCO_train2014_000000536058.jpg 299.2600,301.0600,382.1200,383.1900,26 97.2000,486.3400,120.6900,611.5000,32 372.3800,432.9300,390.1900,612.0000,41 202.9300,198.4300,263.4400,310.8100,61 495.2200,238.7700,595.2100,410.7800,61 553.1500,193.7600,605.8700,244.1400,29 571.4200,242.6000,611.9100,297.1800,29 32.5700,139.8000,89.8400,214.4500,17 80.1000,119.5900,159.9300,186.1800,17 363.0700,177.4100,598.2500,430.4600,14 105.3600,40.4700,134.6900,70.1700,46 5.5400,247.6700,97.5700,328.6300,26 276.9800,39.3300,425.3800,186.3900,26 150.3100,296.6600,234.9500,398.0100,26 76.2300,175.9700,153.8400,248.1000,17 0.0000,0.0000,612.0000,612.0000,27
/mnt/ai_models/coco2014/train2014/COCO_train2014_000000052433.jpg 379.4600,291.7200,426.0000,431.0400,13 149.5700,379.4500,426.0000,632.5700,27 1.2900,99.0800,362.9000,631.9000,49 403.0900,385.3200,426.0000,539.3200,78 317.6000,483.3800,358.2400,527.9600,15 359.5000,476.8800,377.4500,509.4700,19 337.2700,466.5400,361.2300,514.8000,19 212.8000,557.8200,413.7500,575.9700,41 343.1700,363.9300,381.0700,397.1400,21 162.5600,391.9800,307.7100,425.7300,32
/mnt/ai_models/coco2014/train2014/COCO_train2014_000000370802.jpg 344.8600,242.8600,368.5500,330.9600,13 341.5600,308.5500,369.5900,372.0500,13 181.0300,301.6400,495.8200,379.0000,27 4.4600,93.8600,142.6800,178.5800,27 106.3800,66.8300,155.2900,97.1100,27 428.4000,100.5000,638.7600,379.0000,49 382.2100,57.9700,563.1900,252.8300,49 426.4200,39.2600,505.5300,163.3500,49 85.7600,39.3800,187.2800,198.5100,49 410.0800,60.1500,442.1700,96.8000,49 79.6200,64.3600,96.7800,94.4700,13 185.9700,205.9100,208.3100,266.6300,68 505.6800,203.6400,565.8500,301.4700,68 479.3300,148.6300,519.8200,224.2800,68 355.2700,208.5300,382.6500,258.6700,26 371.4700,316.8700,444.2700,332.8800,32 261.6900,247.3200,309.7000,260.0700,32 383.3600,249.1100,434.6600,260.8700,61 280.2700,43.4700,348.3500,142.2000,49 367.8100,120.6500,375.6100,137.3600,13 330.8400,313.0100,348.6800,356.7100,13 333.9600,164.1200,353.7400,202.1000,26 317.9000,209.0100,343.9200,257.8400,26 388.9000,191.3000,427.5100,199.7300,32 243.2800,287.6600,303.1400,293.7900,41 275.6000,215.4000,319.6700,218.7000,41 45.1400,201.8500,148.1900,379.0000,22 218.8800,99.6500,251.2500,206.9600,22 1.1700,131.1400,33.2200,333.8600,22 567.2200,241.0300,640.0000,373.0400,22 603.8400,113.9600,633.3100,171.7300,22 203.9700,62.6800,235.4100,130.3700,22 187.0200,79.9000,209.0400,115.7400,22 40.7600,131.1000,119.7200,247.5300,22 189.0800,60.8000,203.7800,89.6100,22 0.0000,16.5700,71.5600,106.0100,49 139.0500,81.6100,152.0900,102.0300,68 28.0000,58.2900,36.7600,78.8800,68 378.0600,106.7900,393.2900,131.4500,26 348.1300,118.6400,362.4500,143.6500,26 353.7300,101.2000,364.9500,118.5900,26 342.1100,105.7700,354.8200,128.5800,26 87.5200,91.6600,99.9500,116.0800,26 360.7900,163.6400,381.2700,200.6400,26 237.2200,288.6600,290.4300,300.3500,61 276.0900,215.1100,315.2700,221.7800,61 63.1700,49.5300,86.3500,93.3500,22 47.1200,47.3500,66.3300,77.7500,22 16.7400,100.4100,25.5900,125.0200,13 379.9300,196.5700,429.4500,200.2200,41 225.2800,33.7800,326.4400,193.0400,49 106.0400,108.9900,279.8300,370.1600,49 195.0000,50.3100,209.4400,65.0500,22 486.9000,60.3300,505.6100,85.8500,22 305.8700,98.0600,442.7300,185.3100,27 202.5200,163.0000,480.7000,341.5300,27 53.0000,58.0000,245.0000,366.0000,22
/mnt/ai_models/coco2014/train2014/COCO_train2014_000000138117.jpg 207.1100,65.9200,265.8500,171.6500,13 0.0000,0.0900,90.5400,169.7300,22 0.0000,0.0000,640.0000,426.0000,27 428.8700,1.9100,538.9600,181.8900,26 526.0700,222.5700,640.0000,254.8100,32 0.0000,231.9500,151.9600,296.5700,41 548.5300,206.7800,638.5200,330.2700,41 414.1300,194.8900,558.1100,267.3200,19 331.7800,164.3900,395.9300,241.5700,19 46.8800,8.0300,115.7100,115.5000,22
/mnt/ai_models/coco2014/train2014/COCO_train2014_000000568396.jpg 285.2300,0.0900,527.6800,254.9000,54 0.0000,0.0600,640.0000,419.3300,27 285.2300,190.2500,608.5000,348.0800,32 69.8800,3.3500,521.6800,419.7400,14 256.9300,114.7400,296.4700,170.3600,19 267.8500,53.1300,285.8700,95.6500,19
/mnt/ai_models/coco2014/train2014/COCO_train2014_000000100022.jpg 3.3800,37.5800,277.8700,269.0000,14 301.7600,160.3200,483.5300,287.3800,15 289.2000,248.9400,339.2300,324.4900,46 173.5700,218.2600,231.2900,285.7700,19 116.1100,72.3500,158.9300,116.5900,19 0.0000,0.8400,500.0000,369.9600,27 135.3900,91.5600,495.7800,370.1300,14 176.4600,266.9400,307.0500,345.1500,46
/mnt/ai_models/coco2014/train2014/COCO_train2014_000000232890.jpg 366.8500,115.0400,500.0000,242.1500,61 0.8000,14.9300,488.8400,353.6700,14 20.2200,3.3700,224.9100,72.4400,19 0.8400,84.2900,118.7700,132.3100,19 6.0000,38.5000,103.2300,91.8900,19 139.8300,0.0000,312.5100,84.2400,19 370.9000,116.1100,500.0000,243.5000,32 25.7400,27.2200,212.3900,95.6000,19
/mnt/ai_models/coco2014/train2014/COCO_train2014_000000223660.jpg 357.0300,2.1600,440.0900,122.9700,78 223.2800,0.0000,307.4200,112.1800,78 1.0800,1.0800,134.8300,332.2200,26 584.6300,83.8100,640.0000,208.9300,32 547.9600,94.7400,640.0000,245.7500,41 623.0400,86.7200,640.0000,144.1800,61 168.9700,101.0400,341.0900,230.0100,14 74.4300,0.0000,184.4500,135.9100,26 231.3900,274.0100,525.2000,436.5200,54 385.5000,105.5000,584.9200,296.2500,19 323.3000,0.0300,384.1000,47.6800,26
/mnt/ai_models/coco2014/train2014/COCO_train2014_000000206644.jpg 292.9300,245.1000,422.8400,372.6800,23 362.6700,4.8400,638.8400,417.4200,78 0.0000,310.6800,412.0900,427.0000,27
/mnt/ai_models/coco2014/train2014/COCO_train2014_000000218809.jpg 536.4500,0.7800,640.0000,90.0600,13 0.8500,0.8500,637.0600,355.9000,27 391.8800,0.5100,499.0100,139.4400,78 537.8500,0.0000,639.2500,90.6100,26 332.8100,88.7700,391.5200,115.1000,32 363.0900,147.7400,598.5900,165.4000,41 182.7500,77.8100,375.6700,104.2400,61 34.1500,19.9200,208.9600,89.8400,14 598.4100,119.1100,639.8800,214.2400,14 1.6200,95.7300,79.5000,151.7000,14 273.5100,199.6700,397.5200,316.8900,19 0.3000,148.0300,152.2900,218.6200,41 246.0100,265.0200,300.0000,302.8200,19
/mnt/ai_models/coco2014/train2014/COCO_train2014_000000296030.jpg 2.9200,2.1900,283.4900,235.0200,49 0.0000,350.5500,169.4100,453.0000,25 112.9600,82.3600,640.0000,447.1200,25
/mnt/ai_models/coco2014/train2014/COCO_train2014_000000492502.jpg 485.2500,291.9700,638.7200,413.8400,25 343.9900,258.0500,485.2000,414.7500,25
/mnt/ai_models/coco2014/train2014/COCO_train2014_000000579156.jpg 402.4200,140.3200,500.0000,342.7400,25 42.6300,145.9500,299.3800,314.0300,25 309.4200,133.7900,500.0000,317.9200,25 247.1100,140.1600,367.3300,313.1800,25 48.5600,150.3700,131.2300,187.4000,25
/mnt/ai_models/coco2014/train2014/COCO_train2014_000000466573.jpg 476.2800,322.2100,516.1600,373.2000,51 391.9200,211.5000,470.1000,277.6500,75 4.5800,236.3600,226.2800,421.4200,24 196.5200,228.9600,199.3900,244.4000,12 194.1600,249.2800,216.4000,252.3200,12 203.6600,268.6800,207.4000,273.3100,12 244.2600,219.8800,352.5200,332.5800,22 170.9600,379.0400,211.5400,390.6800,53 153.6500,392.7800,186.5700,402.5300,53 168.5300,249.3500,171.3700,266.3800,12 227.8100,228.6500,231.6000,246.3600,12 214.1800,207.7800,233.8900,227.2900,12 194.7700,252.1500,217.1600,256.4300,12 229.2100,255.1900,231.9700,268.7900,12 515.2300,304.6300,564.1600,404.4100,77 557.9700,197.5900,570.6500,223.8900,23 209.4200,213.2400,213.2100,226.5000,12 210.2500,228.6700,214.3900,246.1900,12 221.6800,255.8200,224.2600,268.1300,12
/mnt/ai_models/coco2014/train2014/COCO_train2014_000000061881.jpg 277.5500,159.8300,310.1400,215.8500,51 0.2600,131.4400,500.0000,375.0000,7 375.1400,188.4600,500.0000,375.0000,49
/mnt/ai_models/coco2014/train2014/COCO_train2014_000000138501.jpg 247.6300,121.0000,335.9000,279.1700,51 474.4500,256.0800,497.4200,300.2100,13 571.0000,212.5600,590.2600,267.9900,13 360.2800,316.9100,390.4600,438.4600,13 586.2600,212.8200,597.4400,266.0600,13 561.1700,211.2500,574.7900,265.0500,13 596.4100,210.6500,607.1300,263.2600,13 605.5300,209.0700,612.7600,261.1900,13 173.0800,296.2300,223.6400,386.1700,22 154.0900,314.8600,584.4000,480.0000,27 419.8700,72.1500,559.4600,330.4100,49 60.2700,208.9700,192.9800,479.3700,49 612.2100,217.7800,619.3600,258.6000,13 213.4900,390.3200,250.1400,415.2300,32 475.0300,433.4800,547.4400,446.8300,32 543.4300,375.9800,566.8400,401.3300,32 506.3600,368.4600,530.7500,390.7600,41 172.4900,417.0000,267.1500,424.7700,41 189.7900,312.8200,242.2300,363.8400,36 333.1500,348.6600,366.8800,449.3400,78 252.1200,341.1100,284.6600,437.3100,78 460.2100,309.5400,487.8400,375.8600,78 372.1400,278.3800,394.7700,318.0900,78 356.4200,289.7700,378.8900,321.0200,78 423.3100,329.6300,457.0100,434.0800,78 291.3700,347.9300,323.8600,437.7200,78 379.0300,370.9300,414.3900,468.6100,78 396.1300,348.8800,431.1400,447.2500,78 328.6100,302.4200,352.6100,349.9500,78 308.9100,323.3100,338.5700,410.7500,78 528.2900,416.1400,564.4500,428.8200,41 41.2800,254.9200,95.6800,344.7500,22 589.6800,205.4000,597.9500,229.0100,13 572.1800,210.2100,580.4400,235.0100,13 454.1100,297.6700,482.1900,329.6100,78 361.2400,462.9500,386.8300,480.0000,41 422.5200,258.1600,529.1400,333.4600,22 31.7700,344.1200,64.8000,480.0000,22
/mnt/ai_models/coco2014/train2014/COCO_train2014_000000200335.jpg 147.8900,159.1700,202.0800,194.0400,18 58.4700,112.3500,118.3100,149.9100,18 187.2900,203.3400,278.4300,243.9600,18 320.8900,143.5300,563.6300,339.3700,16 1.8500,63.7300,98.8200,137.6200,16 114.4600,68.9400,229.3600,151.0800,16 222.5900,150.3900,317.7200,223.3600,74 244.2700,63.3100,286.1300,94.9400,74 154.7800,292.0300,182.1000,337.6500,49 586.8900,223.1800,600.3900,271.0000,49 575.4300,279.9100,597.5100,332.9800,49 600.3800,289.4400,617.5800,344.1900,49 295.1200,214.3400,312.1700,251.3700,49 278.8400,123.5900,286.8700,150.1900,49 55.6600,260.9900,80.6500,310.7000,49 182.8000,128.4300,189.1600,149.3800,49 97.4400,99.6200,105.8300,115.2500,49 634.2100,228.6800,640.0000,258.2500,49 130.2000,183.5200,203.4400,221.9400,18 379.8000,278.0400,437.4000,312.9400,44 74.3700,84.0700,80.0100,99.6800,72 140.6700,173.3700,153.0700,200.6500,72 230.8000,173.9600,244.9900,201.2400,72 217.6200,194.2800,232.7400,219.4800,72 615.2000,303.8200,621.8800,323.9900,36 630.9100,258.1500,640.0000,299.7000,49 178.9400,124.9900,184.9500,146.2800,49 0.5700,210.2400,91.0400,267.5800,18 249.6500,83.0300,286.7000,109.3600,18 226.0300,88.7900,235.1100,108.4300,18 234.7400,54.3400,254.8800,67.1500,18 136.5100,68.8800,166.2200,84.5000,18 249.3000,192.2400,258.4300,208.0600,72 105.7100,81.5300,110.3400,89.7700,72
/mnt/ai_models/coco2014/train2014/COCO_train2014_000000150939.jpg 326.2500,214.9500,448.2400,353.2400,44 347.1800,198.8500,416.2100,318.6400,49
/mnt/ai_models/coco2014/train2014/COCO_train2014_000000045840.jpg 104.3600,136.3400,529.9000,369.6200,44 308.7800,101.6600,403.1300,387.5600,49 328.1300,96.7800,455.2900,308.8700,49
/mnt/ai_models/coco2014/train2014/COCO_train2014_000000236243.jpg 171.1000,260.9000,464.5200,356.1300,22 293.0000,133.9900,640.0000,355.1600,7 202.2500,213.2000,249.4100,265.2400,2 203.8000,214.3800,250.4600,266.4400,36 139.9300,161.1700,220.9700,211.2700,64 216.2800,87.9000,223.7900,103.7800,13 203.4200,87.5000,211.4200,108.8200,13 6.7000,78.9200,22.7500,110.5600,78 54.4900,187.6100,165.5200,313.2500,22 0.3800,281.7900,42.3000,360.0000,51 0.0000,79.7100,10.0700,110.7300,78
/mnt/ai_models/coco2014/train2014/COCO_train2014_000000250630.jpg 264.1700,119.6000,407.4600,473.5000,49 442.0900,285.4900,640.0000,356.9200,8 350.9800,248.0800,448.9900,347.4700,36 130.9300,248.0300,194.5900,340.9600,2 177.0900,243.0600,276.1100,357.5900,2 130.7000,241.8900,272.5100,355.5200,36
/mnt/ai_models/coco2014/train2014/COCO_train2014_000000348874.jpg 195.6000,362.1900,375.3700,540.5200,63 86.4200,187.6200,238.5600,238.5100,63 237.9100,181.0400,326.1500,361.3200,72 196.6300,573.6000,267.6600,640.0000,49 78.9200,593.2800,142.6400,640.0000,49 93.8400,536.6600,153.2700,639.9600,49 173.8200,531.6000,181.6700,568.1200,49 131.8800,518.9400,170.1200,613.4900,49 59.9500,511.9300,100.8300,575.8200,49 6.7800,525.3800,19.3600,581.5000,49 18.0900,517.1800,38.6800,579.8800,49 183.4000,513.9300,217.0200,610.3000,49 410.6200,511.0700,421.2300,536.7800,49 310.0500,525.5300,340.9700,595.2400,49 194.6300,531.9300,220.0200,576.8700,36 78.3500,525.9700,96.1100,559.4300,36 90.7800,566.5900,133.7900,599.8400,2 338.0300,541.5900,353.4700,565.4600,49 35.1200,524.6800,47.7200,579.9700,49 1.0000,513.0000,390.0000,639.0000,49
/mnt/ai_models/coco2014/train2014/COCO_train2014_000000239309.jpg 82.2400,355.8700,104.8700,387.0900,49 510.2700,57.7700,582.8900,130.3900,40 101.5200,376.9300,115.1400,388.2100,65
/mnt/ai_models/coco2014/train2014/COCO_train2014_000000563062.jpg 222.8300,275.7800,242.6500,314.5300,49 21.3700,296.8600,62.0000,316.3000,8 195.0800,275.0600,211.2400,314.2900,49 231.9300,299.8700,241.4600,312.7000,2 247.7800,27.6600,286.8100,44.1300,40
/mnt/ai_models/coco2014/train2014/COCO_train2014_000000168377.jpg 123.7200,320.6600,154.3000,391.6800,49 421.4400,34.8100,512.7600,123.1400,40
/mnt/ai_models/coco2014/train2014/COCO_train2014_000000468416.jpg 1.5300,32.5400,307.8700,294.5800,56 314.6600,115.6000,441.7500,292.4600,56 399.2100,113.1900,616.3400,301.6900,56
/mnt/ai_models/coco2014/train2014/COCO_train2014_000000224735.jpg 50.3600,173.8000,231.2600,388.6200,56 255.6100,197.5300,326.4200,366.9600,56 401.8800,172.8200,599.2300,345.5000,56 524.0700,69.1100,631.0000,177.3000,56 385.2500,102.8900,426.5500,125.8200,56 565.1300,128.7400,639.5900,166.9600,56 556.7700,47.8700,574.5900,74.8500,56
/mnt/ai_models/coco2014/train2014/COCO_train2014_000000539299.jpg 333.0700,276.8500,488.0000,442.0000,56 167.2900,205.3200,295.6200,437.2500,56 265.3400,212.3100,361.9200,257.0400,56 275.2200,184.4200,312.4900,227.9000,56 210.1600,178.6900,265.2700,214.0000,56 61.8300,154.1200,120.5100,291.3500,56 110.7400,142.9600,184.2500,235.5600,56 425.8400,13.3700,612.1500,434.4600,49 282.0000,24.8300,336.3700,155.2200,49 131.2200,30.4000,228.8900,163.5900,49 209.1300,22.0100,249.7500,140.6200,49 609.3000,13.1900,640.0000,163.2600,49 248.5400,30.7800,298.3000,133.7100,49 194.1300,25.5200,223.2200,80.5700,49 14.5000,137.3200,52.6700,200.7100,56 271.1900,244.6100,444.9600,442.0000,56 106.7900,198.8500,219.5200,369.9100,56 284.6900,372.4700,372.6100,442.0000,56 165.6300,160.9500,219.1900,189.6100,56 202.9800,149.6600,238.7900,174.4000,56 265.2400,173.2700,370.3000,230.0100,56 44.1600,26.5400,70.4500,85.7100,49 400.2800,69.5300,432.0700,131.1100,49 0.7200,25.9600,70.1600,146.4600,49 249.0000,187.0000,398.0000,247.0000,56
/mnt/ai_models/coco2014/train2014/COCO_train2014_000000126992.jpg 433.5600,45.8300,483.6100,123.2000,23 347.1200,48.1700,401.4800,124.9100,23 268.1000,260.5000,312.0100,307.8000,22 41.9900,218.8000,73.7200,253.1500,22 70.0500,223.2700,110.1800,256.9100,22 463.3500,464.8800,544.1700,551.0800,49 513.2000,407.9600,573.2900,477.9500,49 276.8000,480.3700,326.2900,581.0100,49 270.4700,401.9600,319.0700,433.9200,49 258.4400,103.9200,274.6300,144.6000,49 74.8200,209.0800,105.6800,230.0400,49 53.5000,203.7200,81.8400,225.8600,49 309.7400,203.6800,335.4400,253.9800,49 212.8400,263.8800,233.0900,284.7600,49 488.4400,200.0600,515.1100,273.6200,49 434.5300,237.4000,456.0700,272.4800,49 486.2000,470.3200,513.9800,502.9000,2 515.6300,103.1200,538.7100,157.5900,49 44.0100,222.8000,72.8900,254.4300,8 98.5200,289.3300,122.0200,345.4700,64 231.1000,298.5000,257.8800,329.6600,64 531.0900,514.9400,561.5800,563.4100,64 149.0600,72.5800,248.7200,202.6500,51 228.5300,277.7900,250.4600,306.2700,64 120.9600,299.3900,170.9900,347.2800,22 203.3200,277.5100,231.1100,321.7500,22 132.3700,234.1600,163.0900,279.6400,49 424.5200,30.6000,473.8200,91.7700,23 347.2100,34.3900,393.8900,71.1400,23 491.1400,397.8600,558.2600,528.9700,8 307.7600,472.8100,517.7700,596.3500,8 273.2800,497.1300,298.3700,570.9400,64 60.0000,39.0000,610.0000,284.0000,49
/mnt/ai_models/coco2014/train2014/COCO_train2014_000000036113.jpg 90.7900,14.3500,311.2500,420.0100,49 286.1800,3.6300,607.5300,417.6700,49 0.9500,135.1200,640.0000,263.1300,8 549.3300,146.1300,608.1300,215.3200,5 241.1400,174.7100,265.2200,211.4600,26 11.7900,212.1300,102.2100,234.3500,5
/mnt/ai_models/coco2014/train2014/COCO_train2014_000000268147.jpg 184.0500,269.2100,260.6900,357.2500,28 183.6500,19.7800,226.9200,35.1700,18 336.3100,22.1200,346.4000,38.9300,49 1.2300,121.6900,193.1400,428.4400,8 71.9300,1.8600,87.9100,35.8100,49
/mnt/ai_models/coco2014/train2014/COCO_train2014_000000371953.jpg 317.1500,187.3200,556.9100,385.0600,3 121.8600,113.2300,305.1400,305.1400,17
/mnt/ai_models/coco2014/train2014/COCO_train2014_000000390093.jpg 0.0000,164.8800,500.0000,332.0000,11 264.4400,27.6300,415.4500,54.2600,11 131.0100,14.8900,276.1700,321.5800,49 351.4400,203.0100,500.0000,327.8900,49 463.5800,22.3900,476.0900,47.5200,49 413.6700,29.0900,420.3900,47.0500,49 0.6200,49.0300,119.9600,104.3100,11 441.9500,41.9200,479.4400,50.6000,11 142.3100,32.9100,274.5000,78.6000,11 32.1700,242.3900,81.7700,274.5900,3 49.7000,208.6100,97.2600,239.9600,3 79.4800,191.8500,110.9800,216.4900,3 129.6600,197.4700,152.4800,213.8900,3 139.5100,182.2200,158.0800,210.9900,3 68.2900,188.7400,79.0300,203.3900,3 231.6500,167.9100,306.8300,214.2800,3 11.9400,226.5600,60.3100,261.3400,3 326.2000,231.5700,364.6500,259.8300,13 72.0600,192.6400,83.5900,208.1700,3 40.1400,190.1900,70.2000,220.9000,3 0.9400,221.4500,35.7800,251.2800,3 109.8000,181.1300,140.9300,217.4400,3 97.5700,208.8000,129.1800,234.1900,3 230.0000,194.0000,279.0000,217.0000,3
/mnt/ai_models/coco2014/train2014/COCO_train2014_000000521763.jpg 220.7000,151.6100,491.2900,361.7500,3 42.3500,264.6300,310.2100,417.0300,3 494.5100,312.4900,538.4600,427.0000,3 398.5500,199.8800,545.6700,406.3800,3 532.9900,319.7500,595.5800,421.7000,3 437.8600,276.2900,640.0000,427.0000,3 23.3700,365.4500,89.9400,427.0000,3 0.0000,0.0000,499.0900,327.1800,49
/mnt/ai_models/coco2014/train2014/COCO_train2014_000000011877.jpg 42.0200,86.6200,627.4700,287.1100,0 186.0100,168.8500,207.4000,188.6000,49 76.9300,232.3200,116.1500,259.2000,74
/mnt/ai_models/coco2014/train2014/COCO_train2014_000000326690.jpg 428.6000,36.1800,490.1900,155.9000,30 486.6000,58.6300,522.8500,149.0900,30 28.9900,38.2700,325.2500,251.0400,74 512.7300,82.3600,534.1100,141.0700,30 481.1600,42.3500,521.7600,140.0000,30
/mnt/ai_models/coco2014/train2014/COCO_train2014_000000159954.jpg 352.4300,169.7100,421.0100,256.3100,18 309.8000,170.8000,377.1500,232.1600,18 285.8300,164.6500,313.6300,199.9400,18 400.7000,155.7700,500.0000,284.6300,18 208.7800,118.2300,287.3500,211.7700,16 169.9900,160.0100,185.8400,211.6400,49 63.7300,157.6800,82.9800,191.1700,49 162.6000,160.8700,174.2300,204.4800,49 0.0000,168.7500,62.0800,246.4500,18 0.0000,213.0000,35.2500,328.5000,18 0.2100,161.7200,57.3700,191.8000,18 102.2200,153.8400,156.6300,214.0700,18 295.2400,154.0000,319.9500,170.1200,18 167.8700,162.1300,174.9700,170.1700,49 297.0800,172.0800,324.1200,208.5300,18 163.1500,182.3900,177.4700,211.3400,44 182.9000,179.3700,193.8600,201.7400,44 155.5900,192.0200,164.0400,210.8700,44 176.0800,158.2300,208.5900,198.7500,74 62.9200,168.1900,136.9400,224.3200,18
/mnt/ai_models/coco2014/train2014/COCO_train2014_000000504191.jpg 111.8300,77.2200,490.0200,299.9600,10
/mnt/ai_models/coco2014/train2014/COCO_train2014_000000445628.jpg 18.5000,173.5600,185.0100,343.1500,10 530.3300,145.4100,630.2400,260.8600,10
/mnt/ai_models/coco2014/train2014/COCO_train2014_000000506429.jpg 0.6100,45.1800,474.3400,255.4500,10 0.0000,89.7100,640.0000,474.5100,42
/mnt/ai_models/coco2014/train2014/COCO_train2014_000000297312.jpg 16.8500,344.9400,300.0000,429.2100,11
/mnt/ai_models/coco2014/train2014/COCO_train2014_000000403307.jpg 320.0600,200.3500,453.2400,327.9100,76 1.0800,373.2900,183.3700,473.6000,49 15.7700,219.5800,103.1300,271.3100,49 94.2900,198.5000,120.1200,215.6300,49 69.7300,180.2100,79.1800,188.1300,49 162.4900,183.8900,170.8400,205.3100,49 89.3600,176.5800,105.7300,188.4100,49 311.6200,174.6600,317.5300,191.4300,49 330.2500,184.8000,337.1700,207.0600,49 405.1500,295.3600,471.2700,329.3900,49 281.9900,196.9800,287.7000,205.1600,49 119.4000,204.0700,162.7300,219.0300,49 254.7200,187.3300,261.2500,212.4900,49 412.2200,190.3900,430.8500,195.2900,11 279.7400,174.3000,288.1800,190.1800,49 0.0000,177.4000,27.3500,181.7000,8 118.0000,154.0000,636.0000,243.0000,49
/mnt/ai_models/coco2014/train2014/COCO_train2014_000000400275.jpg 118.4100,42.5000,640.0000,419.7000,11 297.1300,124.1100,463.2300,280.3800,49 9.9500,0.3200,167.6200,21.7500,11 172.8900,0.0000,233.9200,9.4600,11 4.3600,126.7200,256.1400,352.7500,49
/mnt/ai_models/coco2014/train2014/COCO_train2014_000000108566.jpg 68.5400,382.3600,273.3200,633.3900,9 48.3100,133.3500,354.9500,273.8100,76 118.5400,280.2200,241.6500,455.7200,49 239.4500,257.7800,339.7400,471.3700,49
/mnt/ai_models/coco2014/train2014/COCO_train2014_000000562428.jpg 393.3300,8.7900,517.4100,70.5400,76 215.4200,345.2700,272.2700,403.4500,62 395.2700,37.2500,553.1600,394.6400,49 38.3800,40.9700,220.7000,396.9600,49 128.7000,58.0500,153.3400,102.3300,49 186.2200,69.9200,224.2000,169.1500,49 0.0000,1.2400,268.8100,116.2800,76
/mnt/ai_models/coco2014/train2014/COCO_train2014_000000122163.jpg 459.4500,188.4200,484.2700,220.7100,28 113.4900,141.6200,174.0900,306.0900,49 220.9100,200.8500,239.6300,222.7400,49 141.1300,199.1000,165.6900,224.6500,33 210.8100,182.1900,253.3700,207.5300,76 281.3700,201.2100,285.5600,207.8500,49 237.7800,203.3000,247.2400,211.4100,49 288.3300,206.3900,330.1800,219.4600,49 264.8600,197.1000,279.8200,221.2300,49 284.9300,197.6800,289.7100,204.2800,49 622.3400,166.9300,639.1600,203.0600,49 186.2100,215.1200,219.1900,227.9200,49 271.5800,200.5000,292.3200,216.2600,49
/mnt/ai_models/coco2014/train2014/COCO_train2014_000000305959.jpg 581.6600,228.8600,614.6800,259.9600,23 0.0000,338.8900,74.2700,414.2400,18 566.9100,330.1300,639.6700,358.1300,18 560.0500,322.4600,618.5500,341.6400,18 523.0900,325.7200,572.9900,340.3000,18 135.1900,340.6200,157.0300,396.7200,49 498.0400,353.2800,541.0700,371.5900,8 176.4200,352.5900,196.3600,406.4400,36 149.2800,340.9400,162.1000,393.3100,49 280.4700,362.4300,328.1800,383.0000,8 75.5100,381.0600,97.8400,395.5300,28 176.8200,352.2800,196.7600,407.1200,2 500.1100,364.8900,534.2900,395.7500,22 618.1100,229.0800,628.9500,260.5300,23 177.1000,334.8200,222.8900,455.1600,49 572.6500,303.9400,584.7400,319.8400,63
/mnt/ai_models/coco2014/train2014/COCO_train2014_000000011487.jpg 34.3600,8.7400,328.5900,202.0300,76 74.0800,142.9900,305.8600,470.7700,49 321.8100,223.5100,416.4200,443.1400,49 0.0000,317.2100,73.1600,435.7400,36 313.2200,62.3700,534.2400,471.8600,51
/mnt/ai_models/coco2014/train2014/COCO_train2014_000000492096.jpg 390.5800,62.8900,448.0200,116.5000,21 225.9200,142.6400,317.8200,421.2100,36 291.0200,0.0000,588.7400,419.0100,49 44.7900,31.5400,318.3100,422.8900,49 57.3100,3.4400,154.7400,290.9400,49 0.0000,28.6800,56.2300,326.9800,49 207.8000,5.4800,278.2800,159.3300,49 521.7300,0.0000,640.0000,420.2600,49 541.0600,0.0000,620.2400,90.8000,49 503.3700,0.6400,545.3900,78.9600,49 141.4200,38.2200,161.8800,76.5400,49 268.5700,19.3200,326.3700,183.3400,49
/mnt/ai_models/coco2014/train2014/COCO_train2014_000000175801.jpg 0.0000,204.8600,149.6600,277.7200,18 269.9300,198.2300,280.2400,214.3700,18 457.3500,206.8600,481.8700,230.7700,18 198.4600,168.2200,271.6800,234.3400,16 164.8600,192.9700,170.8800,214.6400,49 176.4700,180.3700,182.9700,191.8600,72 185.1000,195.1600,194.6300,207.0600,18 235.0800,186.3400,243.0000,194.2600,49 244.3900,181.4500,251.6700,193.2100,49 172.9500,194.6100,179.6300,213.2300,49 223.3700,187.3000,231.6800,194.4900,49 191.8600,195.1900,200.8700,209.9000,18 195.7900,199.4800,200.8600,212.9800,18
/mnt/ai_models/coco2014/train2014/COCO_train2014_000000282415.jpg 147.8400,180.0400,257.1200,320.5400,9 376.2600,81.9500,527.5300,410.3400,49 36.1000,85.5900,111.8300,291.8100,49 170.5900,114.1700,207.8500,192.8600,49 320.0900,34.3900,338.3300,75.8800,72 49.9300,116.5600,90.6000,186.5800,2 181.0300,129.7600,185.7000,162.1900,36 175.1700,155.6000,201.8200,187.1900,36 444.2700,109.1000,639.0600,419.0300,74 310.1700,28.1600,320.6400,64.0200,72 158.0100,291.4800,217.9200,358.2000,75 292.3700,341.5600,335.1900,358.3300,49 77.9400,229.1600,224.3600,327.5400,75 235.3100,239.0500,381.7600,350.8900,75
/mnt/ai_models/coco2014/train2014/COCO_train2014_000000561861.jpg 460.4900,197.7200,517.1100,252.6400,63 145.3300,194.3400,201.9400,251.7900,63 472.3400,46.8900,561.0200,180.7500,72 66.4500,244.0200,101.7800,292.8100,72 151.4100,45.5000,250.6700,180.9300,72 377.6800,228.8800,416.3800,295.3300,72
/mnt/ai_models/coco2014/train2014/COCO_train2014_000000183171.jpg 156.2200,20.5200,185.7200,83.0000,13 182.5200,18.0700,208.6000,75.6500,13 2.0100,130.6100,638.9900,427.0000,27 208.6900,2.4000,432.7700,110.1200,49 361.9000,109.2400,443.2800,146.5800,14 76.7600,155.4500,379.0200,320.4900,17 297.7700,98.0100,373.9100,130.9200,14 164.7600,71.1900,222.2100,130.2700,26
/mnt/ai_models/coco2014/train2014/COCO_train2014_000000403953.jpg 384.1100,35.7400,404.5400,79.9600,13 210.6800,132.1500,228.0900,176.8700,13 312.9800,99.9100,358.8800,164.2600,49 464.7500,90.8600,499.4800,131.3100,49 227.6900,104.7100,246.2400,138.1800,61 242.6300,104.3300,270.2100,138.7800,61 373.6400,162.9300,452.4900,172.2400,57 274.8900,96.5100,306.1200,138.3900,49 214.8700,110.4800,232.1200,137.3000,61 494.7400,220.8500,576.0100,252.3500,14 188.3900,175.0900,350.4100,224.6100,47 609.8600,102.9300,627.3600,128.5300,41 604.8200,104.6000,616.0900,125.1200,41 100.7800,143.8700,156.4300,170.0200,14
/mnt/ai_models/coco2014/train2014/COCO_train2014_000000492151.jpg 64.7900,63.1200,158.6700,97.8100,14 71.9000,118.8500,144.2100,152.8000,14 279.0100,335.1000,478.0000,619.8700,47 114.5400,515.4000,125.1700,566.5100,12 104.9000,515.4200,113.2300,567.6700,12 1.4300,210.6700,30.0700,416.8500,49 434.8400,272.0700,457.7500,341.4900,13 410.4700,287.5600,430.3200,332.6000,13 464.9500,297.4100,477.9300,352.3700,13 104.1800,449.7300,122.6900,506.5400,13 70.9400,452.3100,92.2100,514.8000,13 67.6500,376.7500,89.0500,441.2300,13 91.0600,472.6600,103.8500,511.6200,13 208.5800,250.3000,223.5300,273.8500,13 448.0400,280.0800,471.9300,346.7700,13 107.8000,360.1200,130.0900,392.3500,13 70.4900,201.0200,147.7400,253.6800,14 365.0200,145.9800,477.6700,268.5100,43 130.8100,511.4800,141.7500,568.7600,12 123.2000,510.7500,133.3400,567.2400,12 65.6800,524.8500,72.8400,581.9000,12 79.7900,517.5800,100.0600,578.1800,12 98.4000,521.5700,104.2900,570.9200,12 79.2700,333.2300,104.0000,355.8800,13 197.6600,244.1400,210.9300,278.2400,13 113.9700,388.7900,139.4800,438.2300,13 101.0000,52.0000,229.0000,352.0000,13
/mnt/ai_models/coco2014/train2014/COCO_train2014_000000208728.jpg 380.4300,0.6900,585.8100,225.3600,26 11.5900,123.4900,612.0000,232.4800,27
/mnt/ai_models/coco2014/train2014/COCO_train2014_000000530508.jpg 223.3100,0.5100,345.8600,166.4300,26 147.5400,217.0100,354.8000,370.6900,38 0.0000,59.5400,500.0000,242.8200,27 0.0000,0.0000,392.6800,88.8800,49
/mnt/ai_models/coco2014/train2014/COCO_train2014_000000425283.jpg 73.1900,103.1000,372.8300,221.1900,3 0.8900,1.7800,500.0000,389.6700,27
/mnt/ai_models/coco2014/train2014/COCO_train2014_000000209068.jpg 474.7400,110.4100,547.3700,247.8500,52 567.2700,222.2000,590.1800,245.8100,26 304.2600,210.8300,358.7400,222.4700,17 398.8300,259.7300,457.7800,275.0700,17 304.9600,250.8600,328.1900,266.5300,17 372.9600,252.7000,415.3300,262.9900,17 428.3800,206.5100,450.5200,215.4300,17 313.6700,155.4100,355.1400,166.1600,17 381.8700,68.4600,463.1600,126.2200,47 308.0800,261.3700,363.6200,280.0300,17 246.8000,159.7600,275.0900,168.8600,17 331.1800,252.5800,348.0600,262.9300,17 417.3700,205.1100,428.3000,214.6200,17 221.0700,260.8700,239.9100,274.3300,17 239.4200,257.2200,272.7500,275.3500,17
/mnt/ai_models/coco2014/train2014/COCO_train2014_000000206793.jpg 263.7600,270.5100,414.6100,368.2600,32 65.3900,42.6700,313.5000,343.8500,38 228.5300,36.1800,449.1200,285.0000,38 404.6300,3.7000,500.0000,66.6700,26
/mnt/ai_models/coco2014/train2014/COCO_train2014_000000494056.jpg 40.4400,1.6200,201.4300,342.6900,51 171.9100,394.0400,251.6900,474.9400,26 117.9800,37.0800,286.5200,332.5800,77 7.8700,339.3300,152.8100,470.0200,77 18.1300,289.6000,61.6400,350.2600,51 113.8300,237.7900,150.0700,331.3500,51
/mnt/ai_models/coco2014/train2014/COCO_train2014_000000519783.jpg 138.4300,204.7900,186.7200,328.2000,13 2.3500,306.4400,486.0800,493.1300,27 89.7100,210.8100,144.6500,417.1400,77 1.0800,166.6400,112.0900,319.4300,7
/mnt/ai_models/coco2014/train2014/COCO_train2014_000000366022.jpg 216.3100,147.8200,275.2400,199.4700,75 151.3000,93.0000,234.2700,370.3900,13 228.2300,43.7500,500.0000,370.3600,49 83.8400,170.6500,97.4200,211.3900,13 349.7800,175.3600,406.3000,247.8400,68 0.0000,202.2500,136.5200,369.9400,26 154.3000,230.2400,169.9100,287.1300,78 150.2400,174.5200,182.7700,219.1100,26 126.3100,214.7400,154.1900,263.2000,26
/mnt/ai_models/coco2014/train2014/COCO_train2014_000000377853.jpg 382.3100,141.0900,574.4100,315.2100,13 438.2800,173.5400,610.0000,286.2200,49 0.0000,40.7800,402.1800,418.3600,34
/mnt/ai_models/coco2014/train2014/COCO_train2014_000000068685.jpg 2.5500,135.1200,94.0200,237.0100,12 1.1300,0.0000,88.9600,45.0500,12 33.7800,41.6700,352.4800,432.4300,66 82.0500,120.2800,129.9800,223.4800,2 263.0100,0.7300,269.2200,30.7000,12 259.5500,52.8100,274.1600,123.6000,12 10.0200,250.0300,41.6400,311.0200,12 34.5400,66.0100,54.2100,131.2800,12 48.1700,63.1900,66.4100,133.3100,12 62.1100,65.6500,80.7800,133.1400,12 75.7400,65.0900,94.2800,130.8300,12 257.3700,1.0200,264.5900,29.3700,12 20.3700,64.7500,42.1600,131.3900,12 237.0200,0.0000,245.1300,28.9200,12 0.0000,281.4800,369.1400,500.0000,24
/mnt/ai_models/coco2014/train2014/COCO_train2014_000000375464.jpg 102.4400,63.0800,199.6800,163.3700,51 23.7300,248.0900,639.6400,474.6100,8 239.1900,126.2800,270.7900,156.7800,26 3.2000,208.1700,105.0400,352.1900,2 297.3500,141.5100,358.7200,170.3600,12 152.4400,123.6500,175.5300,162.7000,77 55.5000,154.3100,126.5400,185.9400,12
/mnt/ai_models/coco2014/train2014/COCO_train2014_000000463157.jpg 66.8300,232.4300,269.7000,386.5400,28 1.7500,0.8800,450.0000,269.9300,7 110.8700,13.9600,265.8200,164.9000,2 355.3400,321.1200,450.0000,389.3500,22 385.7800,108.6100,420.7300,145.1200,12 373.3300,88.1800,447.8200,172.9000,12
/mnt/ai_models/coco2014/train2014/COCO_train2014_000000021447.jpg 228.2000,10.3800,366.4400,72.7800,3 109.8100,93.3000,179.2600,165.3100,1 181.8000,65.9400,249.9800,143.9700,1 123.5100,163.5800,196.4900,235.1600,1 161.2000,144.5700,206.0200,182.8800,1 72.7300,148.7200,137.0300,228.5900,1 53.0800,129.6600,113.1600,205.3500,1 540.1000,0.0000,640.0000,114.6800,22 0.0000,160.4500,640.0000,270.2300,27 409.2200,0.0000,458.2200,88.2300,22
/mnt/ai_models/coco2014/train2014/COCO_train2014_000000372618.jpg 217.8300,197.6100,601.0900,384.1800,73 287.9500,342.5500,378.9700,401.2000,8 195.7600,331.0100,247.0100,367.2700,8 498.3500,393.8000,569.2800,404.8500,8 96.0200,262.3100,136.6700,280.2200,76 158.4800,310.3300,168.1900,333.6300,22 81.2200,306.6800,100.4300,329.0500,22 74.5100,302.8500,92.6300,329.0100,22 117.3200,303.8600,130.3700,310.8100,22 114.5200,306.5400,130.4000,336.5200,22
/mnt/ai_models/coco2014/train2014/COCO_train2014_000000341455.jpg 399.9100,0.0000,521.1300,139.1900,51 524.2900,150.3500,640.0000,356.9100,22 13.7100,361.0200,160.8600,419.5200,22 335.4300,324.4600,616.9400,419.5200,22 295.7900,116.6500,309.6000,151.4600,22 123.0000,174.0000,556.0000,419.0000,27 0.9100,106.0200,148.0600,375.6500,49 296.7800,59.8600,394.9800,179.3100,49 416.8300,214.8300,434.5400,245.9700,26 349.4600,179.3200,371.2900,210.1900,26 440.7200,174.1400,457.9300,206.4500,26 224.8500,235.2600,243.3700,283.1400,61 309.4400,172.8700,318.9900,192.9200,61 448.4100,266.3300,478.3700,293.8400,61 444.7000,254.5300,481.9500,287.7200,61 209.2400,247.6200,285.5400,305.1400,14 300.3500,187.4300,351.4500,218.9300,14 471.1500,222.4900,540.0900,264.3600,14 255.4100,211.7200,301.8500,242.7600,14 378.1300,204.6700,412.5900,257.9300,78 238.9600,186.3400,255.4500,215.3600,26 403.8300,189.6400,470.8200,235.1000,14 370.5600,259.7700,447.9300,304.8200,14 223.2700,221.9200,243.5500,257.2700,26 371.7000,177.5500,388.1600,206.2300,26 191.0300,233.7000,224.3000,238.1600,61 177.2800,125.3800,193.5200,139.9000,22 337.9100,279.8900,357.2300,298.9800,32 178.5100,73.5100,273.3100,200.0500,49 454.5600,110.2000,595.1900,271.1000,49
/mnt/ai_models/coco2014/train2014/COCO_train2014_000000263104.jpg 336.6800,214.4300,357.2800,226.1100,18 126.0200,110.1700,334.1700,259.7700,16 23.1100,204.2500,37.0400,233.9800,49 35.8700,202.8800,50.0100,234.7000,49 58.2000,205.5500,63.4500,231.7800,49 368.1800,230.5900,405.1700,262.8200,8 61.9300,203.3500,69.6200,233.1600,49 221.7200,129.8500,234.9900,152.6500,49
/mnt/ai_models/coco2014/train2014/COCO_train2014_000000100652.jpg 178.3400,168.2100,305.6000,478.3300,68 111.1500,13.1400,542.7700,479.4000,49 585.1400,457.6900,609.7500,467.8300,18 19.2200,436.7500,112.8900,478.6900,18 553.2400,458.8800,563.3300,467.9300,18 537.0800,460.1600,553.5900,467.7700,18 561.9100,459.7000,576.6400,466.7800,18 609.0200,458.9000,622.6400,467.5000,18
/mnt/ai_models/coco2014/train2014/COCO_train2014_000000488753.jpg 236.8300,117.3400,385.0800,421.4300,49 203.2500,76.9900,428.4600,203.7500,60 48.4000,171.1900,118.7200,227.2000,18 376.3300,208.7400,445.5700,230.2500,18 546.4400,197.3500,640.0000,235.7100,18
/mnt/ai_models/coco2014/train2014/COCO_train2014_000000501695.jpg 288.2700,132.5600,300.4500,154.3300,68 223.8600,57.5700,403.2300,555.5000,49
/mnt/ai_models/coco2014/train2014/COCO_train2014_000000188949.jpg 417.7200,312.1700,445.7300,365.3500,49 128.2400,87.6100,145.3300,98.3100,33
/mnt/ai_models/coco2014/train2014/COCO_train2014_000000007357.jpg 243.0800,21.7600,305.7000,93.4900,49 385.2300,37.2100,435.8500,153.4100,49 283.7700,61.2400,316.4400,80.3700,2 415.1800,103.0600,434.1100,151.6300,60
/mnt/ai_models/coco2014/train2014/COCO_train2014_000000049092.jpg 511.7800,367.9700,539.5200,409.0000,9 575.8100,365.9300,589.1700,409.0000,9 486.1200,156.5800,514.7900,176.4500,18 502.9400,150.4600,526.9500,168.3800,18 487.4800,283.0300,560.5700,352.8000,18 181.4800,381.7400,282.5400,409.0000,18 534.8200,144.9700,559.2000,165.5200,18 380.3500,365.4600,491.6400,408.5200,18 424.0800,341.7100,505.4400,406.5500,18 256.2700,330.1200,360.2000,408.9300,18 405.1600,354.7600,472.9100,366.9600,18 513.6200,340.1200,537.8100,409.0000,49 292.2700,376.8300,324.4400,409.0000,49 611.5800,379.3200,640.0000,408.4900,49 111.9500,275.4000,146.5300,344.5500,72 28.4100,98.6700,64.6700,113.0500,72 150.0800,202.2400,162.5900,223.5800,49 404.5900,151.1100,411.1700,172.4700,49 409.5600,151.3700,417.3400,172.4500,49 621.6700,337.8600,640.0000,382.2300,49 609.6200,369.7600,621.3000,394.8900,49 619.2700,248.9400,633.1600,277.3400,49 189.9700,282.2300,205.5900,308.3700,49 201.8700,391.4000,230.0600,409.0000,49 28.6100,385.2800,54.5400,409.0000,49 218.9600,159.0400,286.4300,223.5600,16 0.0000,214.6100,130.7000,409.0000,16 268.0000,137.9100,342.4300,213.6600,16 208.1800,208.1800,406.2400,402.5500,16 331.2200,187.3000,451.8800,357.4600,16 429.2700,184.6900,542.5700,332.0800,16 500.8200,177.5800,574.6100,298.7300,16 537.6300,154.7000,600.3800,259.2800,16 417.3400,159.9100,478.9500,191.9200,16 431.0100,135.9300,466.5500,160.2900,16 512.1700,106.7200,562.9700,152.7300,16 328.2100,132.2900,375.6700,204.0000,16 176.7300,177.7400,191.8800,218.1300,72 628.4500,126.2700,635.7200,130.7900,72 606.6300,126.6100,609.8100,129.6600,72 159.7300,195.1200,167.3000,214.6400,49 552.8400,148.6600,612.2000,204.5200,16 116.0000,132.0000,634.0000,405.0000,49
/mnt/ai_models/coco2014/train2014/COCO_train2014_000000049092.jpg 511.7800,367.9700,539.5200,409.0000,9 575.8100,365.9300,589.1700,409.0000,9 486.1200,156.5800,514.7900,176.4500,18 502.9400,150.4600,526.9500,168.3800,18 487.4800,283.0300,560.5700,352.8000,18 181.4800,381.7400,282.5400,409.0000,18 534.8200,144.9700,559.2000,165.5200,18 380.3500,365.4600,491.6400,408.5200,18 424.0800,341.7100,505.4400,406.5500,18 256.2700,330.1200,360.2000,408.9300,18 405.1600,354.7600,472.9100,366.9600,18 513.6200,340.1200,537.8100,409.0000,49 292.2700,376.8300,324.4400,409.0000,49 611.5800,379.3200,640.0000,408.4900,49 111.9500,275.4000,146.5300,344.5500,72 28.4100,98.6700,64.6700,113.0500,72 150.0800,202.2400,162.5900,223.5800,49 404.5900,151.1100,411.1700,172.4700,49 409.5600,151.3700,417.3400,172.4500,49 621.6700,337.8600,640.0000,382.2300,49 609.6200,369.7600,621.3000,394.8900,49 619.2700,248.9400,633.1600,277.3400,49 189.9700,282.2300,205.5900,308.3700,49 201.8700,391.4000,230.0600,409.0000,49 28.6100,385.2800,54.5400,409.0000,49 218.9600,159.0400,286.4300,223.5600,16 0.0000,214.6100,130.7000,409.0000,16 268.0000,137.9100,342.4300,213.6600,16 208.1800,208.1800,406.2400,402.5500,16 331.2200,187.3000,451.8800,357.4600,16 429.2700,184.6900,542.5700,332.0800,16 500.8200,177.5800,574.6100,298.7300,16 537.6300,154.7000,600.3800,259.2800,16 417.3400,159.9100,478.9500,191.9200,16 431.0100,135.9300,466.5500,160.2900,16 512.1700,106.7200,562.9700,152.7300,16 328.2100,132.2900,375.6700,204.0000,16 176.7300,177.7400,191.8800,218.1300,72 628.4500,126.2700,635.7200,130.7900,72 606.6300,126.6100,609.8100,129.6600,72 159.7300,195.1200,167.3000,214.6400,49 552.8400,148.6600,612.2000,204.5200,16 116.0000,132.0000,634.0000,405.0000,49
/mnt/ai_models/coco2014/train2014/COCO_train2014_000000049092.jpg 511.7800,367.9700,539.5200,409.0000,9 575.8100,365.9300,589.1700,409.0000,9 486.1200,156.5800,514.7900,176.4500,18 502.9400,150.4600,526.9500,168.3800,18 487.4800,283.0300,560.5700,352.8000,18 181.4800,381.7400,282.5400,409.0000,18 534.8200,144.9700,559.2000,165.5200,18 380.3500,365.4600,491.6400,408.5200,18 424.0800,341.7100,505.4400,406.5500,18 256.2700,330.1200,360.2000,408.9300,18 405.1600,354.7600,472.9100,366.9600,18 513.6200,340.1200,537.8100,409.0000,49 292.2700,376.8300,324.4400,409.0000,49 611.5800,379.3200,640.0000,408.4900,49 111.9500,275.4000,146.5300,344.5500,72 28.4100,98.6700,64.6700,113.0500,72 150.0800,202.2400,162.5900,223.5800,49 404.5900,151.1100,411.1700,172.4700,49 409.5600,151.3700,417.3400,172.4500,49 621.6700,337.8600,640.0000,382.2300,49 609.6200,369.7600,621.3000,394.8900,49 619.2700,248.9400,633.1600,277.3400,49 189.9700,282.2300,205.5900,308.3700,49 201.8700,391.4000,230.0600,409.0000,49 28.6100,385.2800,54.5400,409.0000,49 218.9600,159.0400,286.4300,223.5600,16 0.0000,214.6100,130.7000,409.0000,16 268.0000,137.9100,342.4300,213.6600,16 208.1800,208.1800,406.2400,402.5500,16 331.2200,187.3000,451.8800,357.4600,16 429.2700,184.6900,542.5700,332.0800,16 500.8200,177.5800,574.6100,298.7300,16 537.6300,154.7000,600.3800,259.2800,16 417.3400,159.9100,478.9500,191.9200,16 431.0100,135.9300,466.5500,160.2900,16 512.1700,106.7200,562.9700,152.7300,16 328.2100,132.2900,375.6700,204.0000,16 176.7300,177.7400,191.8800,218.1300,72 628.4500,126.2700,635.7200,130.7900,72 606.6300,126.6100,609.8100,129.6600,72 159.7300,195.1200,167.3000,214.6400,49 552.8400,148.6600,612.2000,204.5200,16 116.0000,132.0000,634.0000,405.0000,49
/mnt/ai_models/coco2014/train2014/COCO_train2014_000000049092.jpg 511.7800,367.9700,539.5200,409.0000,9 575.8100,365.9300,589.1700,409.0000,9 486.1200,156.5800,514.7900,176.4500,18 502.9400,150.4600,526.9500,168.3800,18 487.4800,283.0300,560.5700,352.8000,18 181.4800,381.7400,282.5400,409.0000,18 534.8200,144.9700,559.2000,165.5200,18 380.3500,365.4600,491.6400,408.5200,18 424.0800,341.7100,505.4400,406.5500,18 256.2700,330.1200,360.2000,408.9300,18 405.1600,354.7600,472.9100,366.9600,18 513.6200,340.1200,537.8100,409.0000,49 292.2700,376.8300,324.4400,409.0000,49 611.5800,379.3200,640.0000,408.4900,49 111.9500,275.4000,146.5300,344.5500,72 28.4100,98.6700,64.6700,113.0500,72 150.0800,202.2400,162.5900,223.5800,49 404.5900,151.1100,411.1700,172.4700,49 409.5600,151.3700,417.3400,172.4500,49 621.6700,337.8600,640.0000,382.2300,49 609.6200,369.7600,621.3000,394.8900,49 619.2700,248.9400,633.1600,277.3400,49 189.9700,282.2300,205.5900,308.3700,49 201.8700,391.4000,230.0600,409.0000,49 28.6100,385.2800,54.5400,409.0000,49 218.9600,159.0400,286.4300,223.5600,16 0.0000,214.6100,130.7000,409.0000,16 268.0000,137.9100,342.4300,213.6600,16 208.1800,208.1800,406.2400,402.5500,16 331.2200,187.3000,451.8800,357.4600,16 429.2700,184.6900,542.5700,332.0800,16 500.8200,177.5800,574.6100,298.7300,16 537.6300,154.7000,600.3800,259.2800,16 417.3400,159.9100,478.9500,191.9200,16 431.0100,135.9300,466.5500,160.2900,16 512.1700,106.7200,562.9700,152.7300,16 328.2100,132.2900,375.6700,204.0000,16 176.7300,177.7400,191.8800,218.1300,72 628.4500,126.2700,635.7200,130.7900,72 606.6300,126.6100,609.8100,129.6600,72 159.7300,195.1200,167.3000,214.6400,49 552.8400,148.6600,612.2000,204.5200,16 116.0000,132.0000,634.0000,405.0000,49
/mnt/ai_models/coco2014/train2014/COCO_train2014_000000049092.jpg 511.7800,367.9700,539.5200,409.0000,9 575.8100,365.9300,589.1700,409.0000,9 486.1200,156.5800,514.7900,176.4500,18 502.9400,150.4600,526.9500,168.3800,18 487.4800,283.0300,560.5700,352.8000,18 181.4800,381.7400,282.5400,409.0000,18 534.8200,144.9700,559.2000,165.5200,18 380.3500,365.4600,491.6400,408.5200,18 424.0800,341.7100,505.4400,406.5500,18 256.2700,330.1200,360.2000,408.9300,18 405.1600,354.7600,472.9100,366.9600,18 513.6200,340.1200,537.8100,409.0000,49 292.2700,376.8300,324.4400,409.0000,49 611.5800,379.3200,640.0000,408.4900,49 111.9500,275.4000,146.5300,344.5500,72 28.4100,98.6700,64.6700,113.0500,72 150.0800,202.2400,162.5900,223.5800,49 404.5900,151.1100,411.1700,172.4700,49 409.5600,151.3700,417.3400,172.4500,49 621.6700,337.8600,640.0000,382.2300,49 609.6200,369.7600,621.3000,394.8900,49 619.2700,248.9400,633.1600,277.3400,49 189.9700,282.2300,205.5900,308.3700,49 201.8700,391.4000,230.0600,409.0000,49 28.6100,385.2800,54.5400,409.0000,49 218.9600,159.0400,286.4300,223.5600,16 0.0000,214.6100,130.7000,409.0000,16 268.0000,137.9100,342.4300,213.6600,16 208.1800,208.1800,406.2400,402.5500,16 331.2200,187.3000,451.8800,357.4600,16 429.2700,184.6900,542.5700,332.0800,16 500.8200,177.5800,574.6100,298.7300,16 537.6300,154.7000,600.3800,259.2800,16 417.3400,159.9100,478.9500,191.9200,16 431.0100,135.9300,466.5500,160.2900,16 512.1700,106.7200,562.9700,152.7300,16 328.2100,132.2900,375.6700,204.0000,16 176.7300,177.7400,191.8800,218.1300,72 628.4500,126.2700,635.7200,130.7900,72 606.6300,126.6100,609.8100,129.6600,72 159.7300,195.1200,167.3000,214.6400,49 552.8400,148.6600,612.2000,204.5200,16 116.0000,132.0000,634.0000,405.0000,49
/mnt/ai_models/coco2014/train2014/COCO_train2014_000000049092.jpg 511.7800,367.9700,539.5200,409.0000,9 575.8100,365.9300,589.1700,409.0000,9 486.1200,156.5800,514.7900,176.4500,18 502.9400,150.4600,526.9500,168.3800,18 487.4800,283.0300,560.5700,352.8000,18 181.4800,381.7400,282.5400,409.0000,18 534.8200,144.9700,559.2000,165.5200,18 380.3500,365.4600,491.6400,408.5200,18 424.0800,341.7100,505.4400,406.5500,18 256.2700,330.1200,360.2000,408.9300,18 405.1600,354.7600,472.9100,366.9600,18 513.6200,340.1200,537.8100,409.0000,49 292.2700,376.8300,324.4400,409.0000,49 611.5800,379.3200,640.0000,408.4900,49 111.9500,275.4000,146.5300,344.5500,72 28.4100,98.6700,64.6700,113.0500,72 150.0800,202.2400,162.5900,223.5800,49 404.5900,151.1100,411.1700,172.4700,49 409.5600,151.3700,417.3400,172.4500,49 621.6700,337.8600,640.0000,382.2300,49 609.6200,369.7600,621.3000,394.8900,49 619.2700,248.9400,633.1600,277.3400,49 189.9700,282.2300,205.5900,308.3700,49 201.8700,391.4000,230.0600,409.0000,49 28.6100,385.2800,54.5400,409.0000,49 218.9600,159.0400,286.4300,223.5600,16 0.0000,214.6100,130.7000,409.0000,16 268.0000,137.9100,342.4300,213.6600,16 208.1800,208.1800,406.2400,402.5500,16 331.2200,187.3000,451.8800,357.4600,16 429.2700,184.6900,542.5700,332.0800,16 500.8200,177.5800,574.6100,298.7300,16 537.6300,154.7000,600.3800,259.2800,16 417.3400,159.9100,478.9500,191.9200,16 431.0100,135.9300,466.5500,160.2900,16 512.1700,106.7200,562.9700,152.7300,16 328.2100,132.2900,375.6700,204.0000,16 176.7300,177.7400,191.8800,218.1300,72 628.4500,126.2700,635.7200,130.7900,72 606.6300,126.6100,609.8100,129.6600,72 159.7300,195.1200,167.3000,214.6400,49 552.8400,148.6600,612.2000,204.5200,16 116.0000,132.0000,634.0000,405.0000,49
/mnt/ai_models/coco2014/train2014/COCO_train2014_000000049092.jpg 511.7800,367.9700,539.5200,409.0000,9 575.8100,365.9300,589.1700,409.0000,9 486.1200,156.5800,514.7900,176.4500,18 502.9400,150.4600,526.9500,168.3800,18 487.4800,283.0300,560.5700,352.8000,18 181.4800,381.7400,282.5400,409.0000,18 534.8200,144.9700,559.2000,165.5200,18 380.3500,365.4600,491.6400,408.5200,18 424.0800,341.7100,505.4400,406.5500,18 256.2700,330.1200,360.2000,408.9300,18 405.1600,354.7600,472.9100,366.9600,18 513.6200,340.1200,537.8100,409.0000,49 292.2700,376.8300,324.4400,409.0000,49 611.5800,379.3200,640.0000,408.4900,49 111.9500,275.4000,146.5300,344.5500,72 28.4100,98.6700,64.6700,113.0500,72 150.0800,202.2400,162.5900,223.5800,49 404.5900,151.1100,411.1700,172.4700,49 409.5600,151.3700,417.3400,172.4500,49 621.6700,337.8600,640.0000,382.2300,49 609.6200,369.7600,621.3000,394.8900,49 619.2700,248.9400,633.1600,277.3400,49 189.9700,282.2300,205.5900,308.3700,49 201.8700,391.4000,230.0600,409.0000,49 28.6100,385.2800,54.5400,409.0000,49 218.9600,159.0400,286.4300,223.5600,16 0.0000,214.6100,130.7000,409.0000,16 268.0000,137.9100,342.4300,213.6600,16 208.1800,208.1800,406.2400,402.5500,16 331.2200,187.3000,451.8800,357.4600,16 429.2700,184.6900,542.5700,332.0800,16 500.8200,177.5800,574.6100,298.7300,16 537.6300,154.7000,600.3800,259.2800,16 417.3400,159.9100,478.9500,191.9200,16 431.0100,135.9300,466.5500,160.2900,16 512.1700,106.7200,562.9700,152.7300,16 328.2100,132.2900,375.6700,204.0000,16 176.7300,177.7400,191.8800,218.1300,72 628.4500,126.2700,635.7200,130.7900,72 606.6300,126.6100,609.8100,129.6600,72 159.7300,195.1200,167.3000,214.6400,49 552.8400,148.6600,612.2000,204.5200,16 116.0000,132.0000,634.0000,405.0000,49
/mnt/ai_models/coco2014/train2014/COCO_train2014_000000049092.jpg 511.7800,367.9700,539.5200,409.0000,9 575.8100,365.9300,589.1700,409.0000,9 486.1200,156.5800,514.7900,176.4500,18 502.9400,150.4600,526.9500,168.3800,18 487.4800,283.0300,560.5700,352.8000,18 181.4800,381.7400,282.5400,409.0000,18 534.8200,144.9700,559.2000,165.5200,18 380.3500,365.4600,491.6400,408.5200,18 424.0800,341.7100,505.4400,406.5500,18 256.2700,330.1200,360.2000,408.9300,18 405.1600,354.7600,472.9100,366.9600,18 513.6200,340.1200,537.8100,409.0000,49 292.2700,376.8300,324.4400,409.0000,49 611.5800,379.3200,640.0000,408.4900,49 111.9500,275.4000,146.5300,344.5500,72 28.4100,98.6700,64.6700,113.0500,72 150.0800,202.2400,162.5900,223.5800,49 404.5900,151.1100,411.1700,172.4700,49 409.5600,151.3700,417.3400,172.4500,49 621.6700,337.8600,640.0000,382.2300,49 609.6200,369.7600,621.3000,394.8900,49 619.2700,248.9400,633.1600,277.3400,49 189.9700,282.2300,205.5900,308.3700,49 201.8700,391.4000,230.0600,409.0000,49 28.6100,385.2800,54.5400,409.0000,49 218.9600,159.0400,286.4300,223.5600,16 0.0000,214.6100,130.7000,409.0000,16 268.0000,137.9100,342.4300,213.6600,16 208.1800,208.1800,406.2400,402.5500,16 331.2200,187.3000,451.8800,357.4600,16 429.2700,184.6900,542.5700,332.0800,16 500.8200,177.5800,574.6100,298.7300,16 537.6300,154.7000,600.3800,259.2800,16 417.3400,159.9100,478.9500,191.9200,16 431.0100,135.9300,466.5500,160.2900,16 512.1700,106.7200,562.9700,152.7300,16 328.2100,132.2900,375.6700,204.0000,16 176.7300,177.7400,191.8800,218.1300,72 628.4500,126.2700,635.7200,130.7900,72 606.6300,126.6100,609.8100,129.6600,72 159.7300,195.1200,167.3000,214.6400,49 552.8400,148.6600,612.2000,204.5200,16 116.0000,132.0000,634.0000,405.0000,49
/mnt/ai_models/coco2014/train2014/COCO_train2014_000000049092.jpg 511.7800,367.9700,539.5200,409.0000,9 575.8100,365.9300,589.1700,409.0000,9 486.1200,156.5800,514.7900,176.4500,18 502.9400,150.4600,526.9500,168.3800,18 487.4800,283.0300,560.5700,352.8000,18 181.4800,381.7400,282.5400,409.0000,18 534.8200,144.9700,559.2000,165.5200,18 380.3500,365.4600,491.6400,408.5200,18 424.0800,341.7100,505.4400,406.5500,18 256.2700,330.1200,360.2000,408.9300,18 405.1600,354.7600,472.9100,366.9600,18 513.6200,340.1200,537.8100,409.0000,49 292.2700,376.8300,324.4400,409.0000,49 611.5800,379.3200,640.0000,408.4900,49 111.9500,275.4000,146.5300,344.5500,72 28.4100,98.6700,64.6700,113.0500,72 150.0800,202.2400,162.5900,223.5800,49 404.5900,151.1100,411.1700,172.4700,49 409.5600,151.3700,417.3400,172.4500,49 621.6700,337.8600,640.0000,382.2300,49 609.6200,369.7600,621.3000,394.8900,49 619.2700,248.9400,633.1600,277.3400,49 189.9700,282.2300,205.5900,308.3700,49 201.8700,391.4000,230.0600,409.0000,49 28.6100,385.2800,54.5400,409.0000,49 218.9600,159.0400,286.4300,223.5600,16 0.0000,214.6100,130.7000,409.0000,16 268.0000,137.9100,342.4300,213.6600,16 208.1800,208.1800,406.2400,402.5500,16 331.2200,187.3000,451.8800,357.4600,16 429.2700,184.6900,542.5700,332.0800,16 500.8200,177.5800,574.6100,298.7300,16 537.6300,154.7000,600.3800,259.2800,16 417.3400,159.9100,478.9500,191.9200,16 431.0100,135.9300,466.5500,160.2900,16 512.1700,106.7200,562.9700,152.7300,16 328.2100,132.2900,375.6700,204.0000,16 176.7300,177.7400,191.8800,218.1300,72 628.4500,126.2700,635.7200,130.7900,72 606.6300,126.6100,609.8100,129.6600,72 159.7300,195.1200,167.3000,214.6400,49 552.8400,148.6600,612.2000,204.5200,16 116.0000,132.0000,634.0000,405.0000,49
/mnt/ai_models/coco2014/train2014/COCO_train2014_000000049092.jpg 511.7800,367.9700,539.5200,409.0000,9 575.8100,365.9300,589.1700,409.0000,9 486.1200,156.5800,514.7900,176.4500,18 502.9400,150.4600,526.9500,168.3800,18 487.4800,283.0300,560.5700,352.8000,18 181.4800,381.7400,282.5400,409.0000,18 534.8200,144.9700,559.2000,165.5200,18 380.3500,365.4600,491.6400,408.5200,18 424.0800,341.7100,505.4400,406.5500,18 256.2700,330.1200,360.2000,408.9300,18 405.1600,354.7600,472.9100,366.9600,18 513.6200,340.1200,537.8100,409.0000,49 292.2700,376.8300,324.4400,409.0000,49 611.5800,379.3200,640.0000,408.4900,49 111.9500,275.4000,146.5300,344.5500,72 28.4100,98.6700,64.6700,113.0500,72 150.0800,202.2400,162.5900,223.5800,49 404.5900,151.1100,411.1700,172.4700,49 409.5600,151.3700,417.3400,172.4500,49 621.6700,337.8600,640.0000,382.2300,49 609.6200,369.7600,621.3000,394.8900,49 619.2700,248.9400,633.1600,277.3400,49 189.9700,282.2300,205.5900,308.3700,49 201.8700,391.4000,230.0600,409.0000,49 28.6100,385.2800,54.5400,409.0000,49 218.9600,159.0400,286.4300,223.5600,16 0.0000,214.6100,130.7000,409.0000,16 268.0000,137.9100,342.4300,213.6600,16 208.1800,208.1800,406.2400,402.5500,16 331.2200,187.3000,451.8800,357.4600,16 429.2700,184.6900,542.5700,332.0800,16 500.8200,177.5800,574.6100,298.7300,16 537.6300,154.7000,600.3800,259.2800,16 417.3400,159.9100,478.9500,191.9200,16 431.0100,135.9300,466.5500,160.2900,16 512.1700,106.7200,562.9700,152.7300,16 328.2100,132.2900,375.6700,204.0000,16 176.7300,177.7400,191.8800,218.1300,72 628.4500,126.2700,635.7200,130.7900,72 606.6300,126.6100,609.8100,129.6600,72 159.7300,195.1200,167.3000,214.6400,49 552.8400,148.6600,612.2000,204.5200,16 116.0000,132.0000,634.0000,405.0000,49
/mnt/ai_models/coco2014/train2014/COCO_train2014_000000178000.jpg 253.3900,37.1000,279.2000,55.5100,62 0.7000,189.2000,190.1900,197.6300,8 363.9100,23.8900,385.6600,48.4200,49 274.8800,44.7300,299.9300,72.5400,49 300.4800,42.6600,316.6400,67.5000,49 329.3700,60.2700,345.2900,90.2500,49 315.1600,75.6800,337.6700,128.2500,49 110.4300,142.7800,155.4400,218.7500,49 114.3800,32.0700,148.1900,76.1500,49 98.9900,68.2700,125.8500,127.6800,49 162.1300,152.0800,203.7700,214.8400,49 265.9800,129.9100,404.2300,308.8700,49 348.3100,106.1900,437.6600,313.0000,49 157.3100,1.2100,182.8300,36.7500,49 181.4900,71.1700,215.6300,127.1700,49 0.0000,0.0000,499.0000,312.0000,49
/mnt/ai_models/coco2014/train2014/COCO_train2014_000000178000.jpg 253.3900,37.1000,279.2000,55.5100,62 0.7000,189.2000,190.1900,197.6300,8 363.9100,23.8900,385.6600,48.4200,49 274.8800,44.7300,299.9300,72.5400,49 300.4800,42.6600,316.6400,67.5000,49 329.3700,60.2700,345.2900,90.2500,49 315.1600,75.6800,337.6700,128.2500,49 110.4300,142.7800,155.4400,218.7500,49 114.3800,32.0700,148.1900,76.1500,49 98.9900,68.2700,125.8500,127.6800,49 162.1300,152.0800,203.7700,214.8400,49 265.9800,129.9100,404.2300,308.8700,49 348.3100,106.1900,437.6600,313.0000,49 157.3100,1.2100,182.8300,36.7500,49 181.4900,71.1700,215.6300,127.1700,49 0.0000,0.0000,499.0000,312.0000,49
/mnt/ai_models/coco2014/train2014/COCO_train2014_000000092869.jpg 233.6300,191.4100,253.9400,212.1900,28 304.9700,189.9500,322.2300,215.1500,28 343.3200,185.4100,375.2900,216.5700,28 433.4900,189.2800,468.2000,221.6300,28 149.4200,181.9400,166.9700,207.6700,28 509.2900,184.4500,532.4500,221.5900,28 593.7000,182.6000,609.4500,213.0000,28 610.0800,178.1300,625.1800,201.5900,28 483.9000,188.1600,503.0800,215.3000,28 466.4900,189.9300,489.6900,221.0800,28 433.4300,174.4700,481.1800,198.3500,28 444.4700,178.3400,470.6100,193.6300,28 321.8200,134.8300,430.4100,223.5100,37 361.4800,109.2300,402.2900,185.5400,49 525.2700,147.7300,540.4500,184.1500,49 275.5900,147.3200,287.3000,192.8800,49 163.4100,139.6300,180.8700,164.3600,49 235.9900,149.4200,251.9100,192.0600,49 224.1300,151.2800,237.3200,168.3300,49 74.8400,143.0400,100.7500,191.9700,49 31.7300,144.9500,46.0100,181.7500,49 609.3100,149.6900,621.7900,179.4400,49 9.6000,140.0900,28.7900,185.1900,49 231.3700,185.5500,254.5900,211.9000,28 210.3100,144.3000,238.0700,154.6400,76 176.1900,141.9200,204.9000,153.7200,76 63.2500,134.3800,99.1300,145.7500,76 339.8500,132.8500,368.5000,144.1200,76 430.9200,134.0000,467.1200,145.2500,76 431.5300,119.4300,466.7400,131.3400,76 481.6600,117.8700,518.4300,128.2600,76 527.9000,117.4500,570.7000,133.6000,76 467.0900,140.5000,493.4600,147.9500,76 247.2600,134.5700,295.4000,152.7600,76 229.1900,137.6500,262.7900,151.0900,76 209.2200,142.0000,228.9800,149.0900,76 556.4200,142.6600,570.8600,162.4900,49 69.3100,142.5500,83.6900,188.3000,49 41.3500,125.4500,155.9900,189.7000,74 25.1500,142.1600,34.4300,190.3100,49 39.4300,130.6700,54.4500,151.6800,76 1.0000,127.0000,565.0000,165.0000,76 259.0000,173.0000,639.0000,228.0000,28 43.0000,135.0000,630.0000,196.0000,49
/mnt/ai_models/coco2014/train2014/COCO_train2014_000000092869.jpg 233.6300,191.4100,253.9400,212.1900,28 304.9700,189.9500,322.2300,215.1500,28 343.3200,185.4100,375.2900,216.5700,28 433.4900,189.2800,468.2000,221.6300,28 149.4200,181.9400,166.9700,207.6700,28 509.2900,184.4500,532.4500,221.5900,28 593.7000,182.6000,609.4500,213.0000,28 610.0800,178.1300,625.1800,201.5900,28 483.9000,188.1600,503.0800,215.3000,28 466.4900,189.9300,489.6900,221.0800,28 433.4300,174.4700,481.1800,198.3500,28 444.4700,178.3400,470.6100,193.6300,28 321.8200,134.8300,430.4100,223.5100,37 361.4800,109.2300,402.2900,185.5400,49 525.2700,147.7300,540.4500,184.1500,49 275.5900,147.3200,287.3000,192.8800,49 163.4100,139.6300,180.8700,164.3600,49 235.9900,149.4200,251.9100,192.0600,49 224.1300,151.2800,237.3200,168.3300,49 74.8400,143.0400,100.7500,191.9700,49 31.7300,144.9500,46.0100,181.7500,49 609.3100,149.6900,621.7900,179.4400,49 9.6000,140.0900,28.7900,185.1900,49 231.3700,185.5500,254.5900,211.9000,28 210.3100,144.3000,238.0700,154.6400,76 176.1900,141.9200,204.9000,153.7200,76 63.2500,134.3800,99.1300,145.7500,76 339.8500,132.8500,368.5000,144.1200,76 430.9200,134.0000,467.1200,145.2500,76 431.5300,119.4300,466.7400,131.3400,76 481.6600,117.8700,518.4300,128.2600,76 527.9000,117.4500,570.7000,133.6000,76 467.0900,140.5000,493.4600,147.9500,76 247.2600,134.5700,295.4000,152.7600,76 229.1900,137.6500,262.7900,151.0900,76 209.2200,142.0000,228.9800,149.0900,76 556.4200,142.6600,570.8600,162.4900,49 69.3100,142.5500,83.6900,188.3000,49 41.3500,125.4500,155.9900,189.7000,74 25.1500,142.1600,34.4300,190.3100,49 39.4300,130.6700,54.4500,151.6800,76 1.0000,127.0000,565.0000,165.0000,76 259.0000,173.0000,639.0000,228.0000,28 43.0000,135.0000,630.0000,196.0000,49
/mnt/ai_models/coco2014/train2014/COCO_train2014_000000092869.jpg 233.6300,191.4100,253.9400,212.1900,28 304.9700,189.9500,322.2300,215.1500,28 343.3200,185.4100,375.2900,216.5700,28 433.4900,189.2800,468.2000,221.6300,28 149.4200,181.9400,166.9700,207.6700,28 509.2900,184.4500,532.4500,221.5900,28 593.7000,182.6000,609.4500,213.0000,28 610.0800,178.1300,625.1800,201.5900,28 483.9000,188.1600,503.0800,215.3000,28 466.4900,189.9300,489.6900,221.0800,28 433.4300,174.4700,481.1800,198.3500,28 444.4700,178.3400,470.6100,193.6300,28 321.8200,134.8300,430.4100,223.5100,37 361.4800,109.2300,402.2900,185.5400,49 525.2700,147.7300,540.4500,184.1500,49 275.5900,147.3200,287.3000,192.8800,49 163.4100,139.6300,180.8700,164.3600,49 235.9900,149.4200,251.9100,192.0600,49 224.1300,151.2800,237.3200,168.3300,49 74.8400,143.0400,100.7500,191.9700,49 31.7300,144.9500,46.0100,181.7500,49 609.3100,149.6900,621.7900,179.4400,49 9.6000,140.0900,28.7900,185.1900,49 231.3700,185.5500,254.5900,211.9000,28 210.3100,144.3000,238.0700,154.6400,76 176.1900,141.9200,204.9000,153.7200,76 63.2500,134.3800,99.1300,145.7500,76 339.8500,132.8500,368.5000,144.1200,76 430.9200,134.0000,467.1200,145.2500,76 431.5300,119.4300,466.7400,131.3400,76 481.6600,117.8700,518.4300,128.2600,76 527.9000,117.4500,570.7000,133.6000,76 467.0900,140.5000,493.4600,147.9500,76 247.2600,134.5700,295.4000,152.7600,76 229.1900,137.6500,262.7900,151.0900,76 209.2200,142.0000,228.9800,149.0900,76 556.4200,142.6600,570.8600,162.4900,49 69.3100,142.5500,83.6900,188.3000,49 41.3500,125.4500,155.9900,189.7000,74 25.1500,142.1600,34.4300,190.3100,49 39.4300,130.6700,54.4500,151.6800,76 1.0000,127.0000,565.0000,165.0000,76 259.0000,173.0000,639.0000,228.0000,28 43.0000,135.0000,630.0000,196.0000,49
/mnt/ai_models/coco2014/train2014/COCO_train2014_000000092869.jpg 233.6300,191.4100,253.9400,212.1900,28 304.9700,189.9500,322.2300,215.1500,28 343.3200,185.4100,375.2900,216.5700,28 433.4900,189.2800,468.2000,221.6300,28 149.4200,181.9400,166.9700,207.6700,28 509.2900,184.4500,532.4500,221.5900,28 593.7000,182.6000,609.4500,213.0000,28 610.0800,178.1300,625.1800,201.5900,28 483.9000,188.1600,503.0800,215.3000,28 466.4900,189.9300,489.6900,221.0800,28 433.4300,174.4700,481.1800,198.3500,28 444.4700,178.3400,470.6100,193.6300,28 321.8200,134.8300,430.4100,223.5100,37 361.4800,109.2300,402.2900,185.5400,49 525.2700,147.7300,540.4500,184.1500,49 275.5900,147.3200,287.3000,192.8800,49 163.4100,139.6300,180.8700,164.3600,49 235.9900,149.4200,251.9100,192.0600,49 224.1300,151.2800,237.3200,168.3300,49 74.8400,143.0400,100.7500,191.9700,49 31.7300,144.9500,46.0100,181.7500,49 609.3100,149.6900,621.7900,179.4400,49 9.6000,140.0900,28.7900,185.1900,49 231.3700,185.5500,254.5900,211.9000,28 210.3100,144.3000,238.0700,154.6400,76 176.1900,141.9200,204.9000,153.7200,76 63.2500,134.3800,99.1300,145.7500,76 339.8500,132.8500,368.5000,144.1200,76 430.9200,134.0000,467.1200,145.2500,76 431.5300,119.4300,466.7400,131.3400,76 481.6600,117.8700,518.4300,128.2600,76 527.9000,117.4500,570.7000,133.6000,76 467.0900,140.5000,493.4600,147.9500,76 247.2600,134.5700,295.4000,152.7600,76 229.1900,137.6500,262.7900,151.0900,76 209.2200,142.0000,228.9800,149.0900,76 556.4200,142.6600,570.8600,162.4900,49 69.3100,142.5500,83.6900,188.3000,49 41.3500,125.4500,155.9900,189.7000,74 25.1500,142.1600,34.4300,190.3100,49 39.4300,130.6700,54.4500,151.6800,76 1.0000,127.0000,565.0000,165.0000,76 259.0000,173.0000,639.0000,228.0000,28 43.0000,135.0000,630.0000,196.0000,49
/mnt/ai_models/coco2014/train2014/COCO_train2014_000000178000.jpg 253.3900,37.1000,279.2000,55.5100,62 0.7000,189.2000,190.1900,197.6300,8 363.9100,23.8900,385.6600,48.4200,49 274.8800,44.7300,299.9300,72.5400,49 300.4800,42.6600,316.6400,67.5000,49 329.3700,60.2700,345.2900,90.2500,49 315.1600,75.6800,337.6700,128.2500,49 110.4300,142.7800,155.4400,218.7500,49 114.3800,32.0700,148.1900,76.1500,49 98.9900,68.2700,125.8500,127.6800,49 162.1300,152.0800,203.7700,214.8400,49 265.9800,129.9100,404.2300,308.8700,49 348.3100,106.1900,437.6600,313.0000,49 157.3100,1.2100,182.8300,36.7500,49 181.4900,71.1700,215.6300,127.1700,49 0.0000,0.0000,499.0000,312.0000,49
/mnt/ai_models/coco2014/train2014/COCO_train2014_000000178000.jpg 253.3900,37.1000,279.2000,55.5100,62 0.7000,189.2000,190.1900,197.6300,8 363.9100,23.8900,385.6600,48.4200,49 274.8800,44.7300,299.9300,72.5400,49 300.4800,42.6600,316.6400,67.5000,49 329.3700,60.2700,345.2900,90.2500,49 315.1600,75.6800,337.6700,128.2500,49 110.4300,142.7800,155.4400,218.7500,49 114.3800,32.0700,148.1900,76.1500,49 98.9900,68.2700,125.8500,127.6800,49 162.1300,152.0800,203.7700,214.8400,49 265.9800,129.9100,404.2300,308.8700,49 348.3100,106.1900,437.6600,313.0000,49 157.3100,1.2100,182.8300,36.7500,49 181.4900,71.1700,215.6300,127.1700,49 0.0000,0.0000,499.0000,312.0000,49
/mnt/ai_models/coco2014/train2014/COCO_train2014_000000178000.jpg 253.3900,37.1000,279.2000,55.5100,62 0.7000,189.2000,190.1900,197.6300,8 363.9100,23.8900,385.6600,48.4200,49 274.8800,44.7300,299.9300,72.5400,49 300.4800,42.6600,316.6400,67.5000,49 329.3700,60.2700,345.2900,90.2500,49 315.1600,75.6800,337.6700,128.2500,49 110.4300,142.7800,155.4400,218.7500,49 114.3800,32.0700,148.1900,76.1500,49 98.9900,68.2700,125.8500,127.6800,49 162.1300,152.0800,203.7700,214.8400,49 265.9800,129.9100,404.2300,308.8700,49 348.3100,106.1900,437.6600,313.0000,49 157.3100,1.2100,182.8300,36.7500,49 181.4900,71.1700,215.6300,127.1700,49 0.0000,0.0000,499.0000,312.0000,49
/mnt/ai_models/coco2014/train2014/COCO_train2014_000000178000.jpg 253.3900,37.1000,279.2000,55.5100,62 0.7000,189.2000,190.1900,197.6300,8 363.9100,23.8900,385.6600,48.4200,49 274.8800,44.7300,299.9300,72.5400,49 300.4800,42.6600,316.6400,67.5000,49 329.3700,60.2700,345.2900,90.2500,49 315.1600,75.6800,337.6700,128.2500,49 110.4300,142.7800,155.4400,218.7500,49 114.3800,32.0700,148.1900,76.1500,49 98.9900,68.2700,125.8500,127.6800,49 162.1300,152.0800,203.7700,214.8400,49 265.9800,129.9100,404.2300,308.8700,49 348.3100,106.1900,437.6600,313.0000,49 157.3100,1.2100,182.8300,36.7500,49 181.4900,71.1700,215.6300,127.1700,49 0.0000,0.0000,499.0000,312.0000,49
/mnt/ai_models/coco2014/train2014/COCO_train2014_000000178000.jpg 253.3900,37.1000,279.2000,55.5100,62 0.7000,189.2000,190.1900,197.6300,8 363.9100,23.8900,385.6600,48.4200,49 274.8800,44.7300,299.9300,72.5400,49 300.4800,42.6600,316.6400,67.5000,49 329.3700,60.2700,345.2900,90.2500,49 315.1600,75.6800,337.6700,128.2500,49 110.4300,142.7800,155.4400,218.7500,49 114.3800,32.0700,148.1900,76.1500,49 98.9900,68.2700,125.8500,127.6800,49 162.1300,152.0800,203.7700,214.8400,49 265.9800,129.9100,404.2300,308.8700,49 348.3100,106.1900,437.6600,313.0000,49 157.3100,1.2100,182.8300,36.7500,49 181.4900,71.1700,215.6300,127.1700,49 0.0000,0.0000,499.0000,312.0000,49
/mnt/ai_models/coco2014/train2014/COCO_train2014_000000178000.jpg 253.3900,37.1000,279.2000,55.5100,62 0.7000,189.2000,190.1900,197.6300,8 363.9100,23.8900,385.6600,48.4200,49 274.8800,44.7300,299.9300,72.5400,49 300.4800,42.6600,316.6400,67.5000,49 329.3700,60.2700,345.2900,90.2500,49 315.1600,75.6800,337.6700,128.2500,49 110.4300,142.7800,155.4400,218.7500,49 114.3800,32.0700,148.1900,76.1500,49 98.9900,68.2700,125.8500,127.6800,49 162.1300,152.0800,203.7700,214.8400,49 265.9800,129.9100,404.2300,308.8700,49 348.3100,106.1900,437.6600,313.0000,49 157.3100,1.2100,182.8300,36.7500,49 181.4900,71.1700,215.6300,127.1700,49 0.0000,0.0000,499.0000,312.0000,49
/mnt/ai_models/coco2014/train2014/COCO_train2014_000000178000.jpg 253.3900,37.1000,279.2000,55.5100,62 0.7000,189.2000,190.1900,197.6300,8 363.9100,23.8900,385.6600,48.4200,49 274.8800,44.7300,299.9300,72.5400,49 300.4800,42.6600,316.6400,67.5000,49 329.3700,60.2700,345.2900,90.2500,49 315.1600,75.6800,337.6700,128.2500,49 110.4300,142.7800,155.4400,218.7500,49 114.3800,32.0700,148.1900,76.1500,49 98.9900,68.2700,125.8500,127.6800,49 162.1300,152.0800,203.7700,214.8400,49 265.9800,129.9100,404.2300,308.8700,49 348.3100,106.1900,437.6600,313.0000,49 157.3100,1.2100,182.8300,36.7500,49 181.4900,71.1700,215.6300,127.1700,49 0.0000,0.0000,499.0000,312.0000,49
/mnt/ai_models/coco2014/train2014/COCO_train2014_000000178000.jpg 253.3900,37.1000,279.2000,55.5100,62 0.7000,189.2000,190.1900,197.6300,8 363.9100,23.8900,385.6600,48.4200,49 274.8800,44.7300,299.9300,72.5400,49 300.4800,42.6600,316.6400,67.5000,49 329.3700,60.2700,345.2900,90.2500,49 315.1600,75.6800,337.6700,128.2500,49 110.4300,142.7800,155.4400,218.7500,49 114.3800,32.0700,148.1900,76.1500,49 98.9900,68.2700,125.8500,127.6800,49 162.1300,152.0800,203.7700,214.8400,49 265.9800,129.9100,404.2300,308.8700,49 348.3100,106.1900,437.6600,313.0000,49 157.3100,1.2100,182.8300,36.7500,49 181.4900,71.1700,215.6300,127.1700,49 0.0000,0.0000,499.0000,312.0000,49
/mnt/ai_models/coco2014/train2014/COCO_train2014_000000394518.jpg 452.9300,297.4500,465.5800,319.2100,59 415.5000,210.6300,475.1300,304.8900,49 174.7800,234.2700,184.2600,246.6600,49 251.9900,235.6400,367.4100,395.3000,49 395.6400,206.0700,412.7700,254.4300,49 222.3700,219.4100,237.0300,237.8500,49 357.9500,211.6900,374.3800,260.2100,49 33.7800,224.1300,79.2300,305.4700,49 406.0600,1.1800,441.5200,37.4700,49 239.8400,42.1800,262.0800,71.0800,49 206.4000,62.5400,220.4800,78.8300,49 163.0400,227.0600,175.8800,245.3400,49 137.7000,217.0300,182.4700,236.0600,74 208.8000,216.1000,221.3000,238.0400,49 269.3400,46.0400,290.8300,64.5800,49 171.0200,350.3900,329.3300,428.0000,59 314.4900,384.4400,319.1400,392.2000,59 387.0700,293.7900,442.6900,310.0400,59 10.0000,0.0000,524.0000,253.0000,49
/mnt/ai_models/coco2014/train2014/COCO_train2014_000000394518.jpg 452.9300,297.4500,465.5800,319.2100,59 415.5000,210.6300,475.1300,304.8900,49 174.7800,234.2700,184.2600,246.6600,49 251.9900,235.6400,367.4100,395.3000,49 395.6400,206.0700,412.7700,254.4300,49 222.3700,219.4100,237.0300,237.8500,49 357.9500,211.6900,374.3800,260.2100,49 33.7800,224.1300,79.2300,305.4700,49 406.0600,1.1800,441.5200,37.4700,49 239.8400,42.1800,262.0800,71.0800,49 206.4000,62.5400,220.4800,78.8300,49 163.0400,227.0600,175.8800,245.3400,49 137.7000,217.0300,182.4700,236.0600,74 208.8000,216.1000,221.3000,238.0400,49 269.3400,46.0400,290.8300,64.5800,49 171.0200,350.3900,329.3300,428.0000,59 314.4900,384.4400,319.1400,392.2000,59 387.0700,293.7900,442.6900,310.0400,59 10.0000,0.0000,524.0000,253.0000,49
/mnt/ai_models/coco2014/train2014/COCO_train2014_000000394518.jpg 452.9300,297.4500,465.5800,319.2100,59 415.5000,210.6300,475.1300,304.8900,49 174.7800,234.2700,184.2600,246.6600,49 251.9900,235.6400,367.4100,395.3000,49 395.6400,206.0700,412.7700,254.4300,49 222.3700,219.4100,237.0300,237.8500,49 357.9500,211.6900,374.3800,260.2100,49 33.7800,224.1300,79.2300,305.4700,49 406.0600,1.1800,441.5200,37.4700,49 239.8400,42.1800,262.0800,71.0800,49 206.4000,62.5400,220.4800,78.8300,49 163.0400,227.0600,175.8800,245.3400,49 137.7000,217.0300,182.4700,236.0600,74 208.8000,216.1000,221.3000,238.0400,49 269.3400,46.0400,290.8300,64.5800,49 171.0200,350.3900,329.3300,428.0000,59 314.4900,384.4400,319.1400,392.2000,59 387.0700,293.7900,442.6900,310.0400,59 10.0000,0.0000,524.0000,253.0000,49
/mnt/ai_models/coco2014/train2014/COCO_train2014_000000394518.jpg 452.9300,297.4500,465.5800,319.2100,59 415.5000,210.6300,475.1300,304.8900,49 174.7800,234.2700,184.2600,246.6600,49 251.9900,235.6400,367.4100,395.3000,49 395.6400,206.0700,412.7700,254.4300,49 222.3700,219.4100,237.0300,237.8500,49 357.9500,211.6900,374.3800,260.2100,49 33.7800,224.1300,79.2300,305.4700,49 406.0600,1.1800,441.5200,37.4700,49 239.8400,42.1800,262.0800,71.0800,49 206.4000,62.5400,220.4800,78.8300,49 163.0400,227.0600,175.8800,245.3400,49 137.7000,217.0300,182.4700,236.0600,74 208.8000,216.1000,221.3000,238.0400,49 269.3400,46.0400,290.8300,64.5800,49 171.0200,350.3900,329.3300,428.0000,59 314.4900,384.4400,319.1400,392.2000,59 387.0700,293.7900,442.6900,310.0400,59 10.0000,0.0000,524.0000,253.0000,49
/mnt/ai_models/coco2014/train2014/COCO_train2014_000000394518.jpg 452.9300,297.4500,465.5800,319.2100,59 415.5000,210.6300,475.1300,304.8900,49 174.7800,234.2700,184.2600,246.6600,49 251.9900,235.6400,367.4100,395.3000,49 395.6400,206.0700,412.7700,254.4300,49 222.3700,219.4100,237.0300,237.8500,49 357.9500,211.6900,374.3800,260.2100,49 33.7800,224.1300,79.2300,305.4700,49 406.0600,1.1800,441.5200,37.4700,49 239.8400,42.1800,262.0800,71.0800,49 206.4000,62.5400,220.4800,78.8300,49 163.0400,227.0600,175.8800,245.3400,49 137.7000,217.0300,182.4700,236.0600,74 208.8000,216.1000,221.3000,238.0400,49 269.3400,46.0400,290.8300,64.5800,49 171.0200,350.3900,329.3300,428.0000,59 314.4900,384.4400,319.1400,392.2000,59 387.0700,293.7900,442.6900,310.0400,59 10.0000,0.0000,524.0000,253.0000,49
/mnt/ai_models/coco2014/train2014/COCO_train2014_000000394518.jpg 452.9300,297.4500,465.5800,319.2100,59 415.5000,210.6300,475.1300,304.8900,49 174.7800,234.2700,184.2600,246.6600,49 251.9900,235.6400,367.4100,395.3000,49 395.6400,206.0700,412.7700,254.4300,49 222.3700,219.4100,237.0300,237.8500,49 357.9500,211.6900,374.3800,260.2100,49 33.7800,224.1300,79.2300,305.4700,49 406.0600,1.1800,441.5200,37.4700,49 239.8400,42.1800,262.0800,71.0800,49 206.4000,62.5400,220.4800,78.8300,49 163.0400,227.0600,175.8800,245.3400,49 137.7000,217.0300,182.4700,236.0600,74 208.8000,216.1000,221.3000,238.0400,49 269.3400,46.0400,290.8300,64.5800,49 171.0200,350.3900,329.3300,428.0000,59 314.4900,384.4400,319.1400,392.2000,59 387.0700,293.7900,442.6900,310.0400,59 10.0000,0.0000,524.0000,253.0000,49
/mnt/ai_models/coco2014/train2014/COCO_train2014_000000394518.jpg 452.9300,297.4500,465.5800,319.2100,59 415.5000,210.6300,475.1300,304.8900,49 174.7800,234.2700,184.2600,246.6600,49 251.9900,235.6400,367.4100,395.3000,49 395.6400,206.0700,412.7700,254.4300,49 222.3700,219.4100,237.0300,237.8500,49 357.9500,211.6900,374.3800,260.2100,49 33.7800,224.1300,79.2300,305.4700,49 406.0600,1.1800,441.5200,37.4700,49 239.8400,42.1800,262.0800,71.0800,49 206.4000,62.5400,220.4800,78.8300,49 163.0400,227.0600,175.8800,245.3400,49 137.7000,217.0300,182.4700,236.0600,74 208.8000,216.1000,221.3000,238.0400,49 269.3400,46.0400,290.8300,64.5800,49 171.0200,350.3900,329.3300,428.0000,59 314.4900,384.4400,319.1400,392.2000,59 387.0700,293.7900,442.6900,310.0400,59 10.0000,0.0000,524.0000,253.0000,49
/mnt/ai_models/coco2014/train2014/COCO_train2014_000000394518.jpg 452.9300,297.4500,465.5800,319.2100,59 415.5000,210.6300,475.1300,304.8900,49 174.7800,234.2700,184.2600,246.6600,49 251.9900,235.6400,367.4100,395.3000,49 395.6400,206.0700,412.7700,254.4300,49 222.3700,219.4100,237.0300,237.8500,49 357.9500,211.6900,374.3800,260.2100,49 33.7800,224.1300,79.2300,305.4700,49 406.0600,1.1800,441.5200,37.4700,49 239.8400,42.1800,262.0800,71.0800,49 206.4000,62.5400,220.4800,78.8300,49 163.0400,227.0600,175.8800,245.3400,49 137.7000,217.0300,182.4700,236.0600,74 208.8000,216.1000,221.3000,238.0400,49 269.3400,46.0400,290.8300,64.5800,49 171.0200,350.3900,329.3300,428.0000,59 314.4900,384.4400,319.1400,392.2000,59 387.0700,293.7900,442.6900,310.0400,59 10.0000,0.0000,524.0000,253.0000,49
/mnt/ai_models/coco2014/train2014/COCO_train2014_000000394518.jpg 452.9300,297.4500,465.5800,319.2100,59 415.5000,210.6300,475.1300,304.8900,49 174.7800,234.2700,184.2600,246.6600,49 251.9900,235.6400,367.4100,395.3000,49 395.6400,206.0700,412.7700,254.4300,49 222.3700,219.4100,237.0300,237.8500,49 357.9500,211.6900,374.3800,260.2100,49 33.7800,224.1300,79.2300,305.4700,49 406.0600,1.1800,441.5200,37.4700,49 239.8400,42.1800,262.0800,71.0800,49 206.4000,62.5400,220.4800,78.8300,49 163.0400,227.0600,175.8800,245.3400,49 137.7000,217.0300,182.4700,236.0600,74 208.8000,216.1000,221.3000,238.0400,49 269.3400,46.0400,290.8300,64.5800,49 171.0200,350.3900,329.3300,428.0000,59 314.4900,384.4400,319.1400,392.2000,59 387.0700,293.7900,442.6900,310.0400,59 10.0000,0.0000,524.0000,253.0000,49
/mnt/ai_models/coco2014/train2014/COCO_train2014_000000394518.jpg 452.9300,297.4500,465.5800,319.2100,59 415.5000,210.6300,475.1300,304.8900,49 174.7800,234.2700,184.2600,246.6600,49 251.9900,235.6400,367.4100,395.3000,49 395.6400,206.0700,412.7700,254.4300,49 222.3700,219.4100,237.0300,237.8500,49 357.9500,211.6900,374.3800,260.2100,49 33.7800,224.1300,79.2300,305.4700,49 406.0600,1.1800,441.5200,37.4700,49 239.8400,42.1800,262.0800,71.0800,49 206.4000,62.5400,220.4800,78.8300,49 163.0400,227.0600,175.8800,245.3400,49 137.7000,217.0300,182.4700,236.0600,74 208.8000,216.1000,221.3000,238.0400,49 269.3400,46.0400,290.8300,64.5800,49 171.0200,350.3900,329.3300,428.0000,59 314.4900,384.4400,319.1400,392.2000,59 387.0700,293.7900,442.6900,310.0400,59 10.0000,0.0000,524.0000,253.0000,49
/mnt/ai_models/coco2014/train2014/COCO_train2014_000000394518.jpg 452.9300,297.4500,465.5800,319.2100,59 415.5000,210.6300,475.1300,304.8900,49 174.7800,234.2700,184.2600,246.6600,49 251.9900,235.6400,367.4100,395.3000,49 395.6400,206.0700,412.7700,254.4300,49 222.3700,219.4100,237.0300,237.8500,49 357.9500,211.6900,374.3800,260.2100,49 33.7800,224.1300,79.2300,305.4700,49 406.0600,1.1800,441.5200,37.4700,49 239.8400,42.1800,262.0800,71.0800,49 206.4000,62.5400,220.4800,78.8300,49 163.0400,227.0600,175.8800,245.3400,49 137.7000,217.0300,182.4700,236.0600,74 208.8000,216.1000,221.3000,238.0400,49 269.3400,46.0400,290.8300,64.5800,49 171.0200,350.3900,329.3300,428.0000,59 314.4900,384.4400,319.1400,392.2000,59 387.0700,293.7900,442.6900,310.0400,59 10.0000,0.0000,524.0000,253.0000,49
/mnt/ai_models/coco2014/train2014/COCO_train2014_000000198042.jpg 79.6100,146.4000,98.9500,164.9100,62 77.7200,8.7000,478.8200,391.5600,49 479.7600,3.9100,570.8100,232.7900,49 19.1200,12.1700,55.4500,63.8500,49 414.0400,43.4900,466.2600,115.8500,5 145.7400,214.9700,184.7900,249.2000,5 571.1600,31.7200,609.3600,81.2300,49 128.4700,18.0800,150.2400,67.9600,49 300.3400,1.9200,344.4800,51.8200,49 552.5000,18.4800,566.4200,44.6300,49 23.3000,87.4700,198.7100,248.2500,49 150.5500,9.7900,201.4200,75.6200,49 90.2800,17.3500,134.5900,66.9900,49 0.0000,28.9600,36.5200,63.9600,49 433.7200,1.4800,489.8700,48.2000,49 108.4500,1.8600,132.3400,32.9600,49 1.0000,0.0000,639.0000,202.0000,49
/mnt/ai_models/coco2014/train2014/COCO_train2014_000000198042.jpg 79.6100,146.4000,98.9500,164.9100,62 77.7200,8.7000,478.8200,391.5600,49 479.7600,3.9100,570.8100,232.7900,49 19.1200,12.1700,55.4500,63.8500,49 414.0400,43.4900,466.2600,115.8500,5 145.7400,214.9700,184.7900,249.2000,5 571.1600,31.7200,609.3600,81.2300,49 128.4700,18.0800,150.2400,67.9600,49 300.3400,1.9200,344.4800,51.8200,49 552.5000,18.4800,566.4200,44.6300,49 23.3000,87.4700,198.7100,248.2500,49 150.5500,9.7900,201.4200,75.6200,49 90.2800,17.3500,134.5900,66.9900,49 0.0000,28.9600,36.5200,63.9600,49 433.7200,1.4800,489.8700,48.2000,49 108.4500,1.8600,132.3400,32.9600,49 1.0000,0.0000,639.0000,202.0000,49
/mnt/ai_models/coco2014/train2014/COCO_train2014_000000198042.jpg 79.6100,146.4000,98.9500,164.9100,62 77.7200,8.7000,478.8200,391.5600,49 479.7600,3.9100,570.8100,232.7900,49 19.1200,12.1700,55.4500,63.8500,49 414.0400,43.4900,466.2600,115.8500,5 145.7400,214.9700,184.7900,249.2000,5 571.1600,31.7200,609.3600,81.2300,49 128.4700,18.0800,150.2400,67.9600,49 300.3400,1.9200,344.4800,51.8200,49 552.5000,18.4800,566.4200,44.6300,49 23.3000,87.4700,198.7100,248.2500,49 150.5500,9.7900,201.4200,75.6200,49 90.2800,17.3500,134.5900,66.9900,49 0.0000,28.9600,36.5200,63.9600,49 433.7200,1.4800,489.8700,48.2000,49 108.4500,1.8600,132.3400,32.9600,49 1.0000,0.0000,639.0000,202.0000,49
/mnt/ai_models/coco2014/train2014/COCO_train2014_000000198042.jpg 79.6100,146.4000,98.9500,164.9100,62 77.7200,8.7000,478.8200,391.5600,49 479.7600,3.9100,570.8100,232.7900,49 19.1200,12.1700,55.4500,63.8500,49 414.0400,43.4900,466.2600,115.8500,5 145.7400,214.9700,184.7900,249.2000,5 571.1600,31.7200,609.3600,81.2300,49 128.4700,18.0800,150.2400,67.9600,49 300.3400,1.9200,344.4800,51.8200,49 552.5000,18.4800,566.4200,44.6300,49 23.3000,87.4700,198.7100,248.2500,49 150.5500,9.7900,201.4200,75.6200,49 90.2800,17.3500,134.5900,66.9900,49 0.0000,28.9600,36.5200,63.9600,49 433.7200,1.4800,489.8700,48.2000,49 108.4500,1.8600,132.3400,32.9600,49 1.0000,0.0000,639.0000,202.0000,49
/mnt/ai_models/coco2014/train2014/COCO_train2014_000000394518.jpg 452.9300,297.4500,465.5800,319.2100,59 415.5000,210.6300,475.1300,304.8900,49 174.7800,234.2700,184.2600,246.6600,49 251.9900,235.6400,367.4100,395.3000,49 395.6400,206.0700,412.7700,254.4300,49 222.3700,219.4100,237.0300,237.8500,49 357.9500,211.6900,374.3800,260.2100,49 33.7800,224.1300,79.2300,305.4700,49 406.0600,1.1800,441.5200,37.4700,49 239.8400,42.1800,262.0800,71.0800,49 206.4000,62.5400,220.4800,78.8300,49 163.0400,227.0600,175.8800,245.3400,49 137.7000,217.0300,182.4700,236.0600,74 208.8000,216.1000,221.3000,238.0400,49 269.3400,46.0400,290.8300,64.5800,49 171.0200,350.3900,329.3300,428.0000,59 314.4900,384.4400,319.1400,392.2000,59 387.0700,293.7900,442.6900,310.0400,59 10.0000,0.0000,524.0000,253.0000,49
/mnt/ai_models/coco2014/train2014/COCO_train2014_000000198042.jpg 79.6100,146.4000,98.9500,164.9100,62 77.7200,8.7000,478.8200,391.5600,49 479.7600,3.9100,570.8100,232.7900,49 19.1200,12.1700,55.4500,63.8500,49 414.0400,43.4900,466.2600,115.8500,5 145.7400,214.9700,184.7900,249.2000,5 571.1600,31.7200,609.3600,81.2300,49 128.4700,18.0800,150.2400,67.9600,49 300.3400,1.9200,344.4800,51.8200,49 552.5000,18.4800,566.4200,44.6300,49 23.3000,87.4700,198.7100,248.2500,49 150.5500,9.7900,201.4200,75.6200,49 90.2800,17.3500,134.5900,66.9900,49 0.0000,28.9600,36.5200,63.9600,49 433.7200,1.4800,489.8700,48.2000,49 108.4500,1.8600,132.3400,32.9600,49 1.0000,0.0000,639.0000,202.0000,49
/mnt/ai_models/coco2014/train2014/COCO_train2014_000000198042.jpg 79.6100,146.4000,98.9500,164.9100,62 77.7200,8.7000,478.8200,391.5600,49 479.7600,3.9100,570.8100,232.7900,49 19.1200,12.1700,55.4500,63.8500,49 414.0400,43.4900,466.2600,115.8500,5 145.7400,214.9700,184.7900,249.2000,5 571.1600,31.7200,609.3600,81.2300,49 128.4700,18.0800,150.2400,67.9600,49 300.3400,1.9200,344.4800,51.8200,49 552.5000,18.4800,566.4200,44.6300,49 23.3000,87.4700,198.7100,248.2500,49 150.5500,9.7900,201.4200,75.6200,49 90.2800,17.3500,134.5900,66.9900,49 0.0000,28.9600,36.5200,63.9600,49 433.7200,1.4800,489.8700,48.2000,49 108.4500,1.8600,132.3400,32.9600,49 1.0000,0.0000,639.0000,202.0000,49
/mnt/ai_models/coco2014/train2014/COCO_train2014_000000198042.jpg 79.6100,146.4000,98.9500,164.9100,62 77.7200,8.7000,478.8200,391.5600,49 479.7600,3.9100,570.8100,232.7900,49 19.1200,12.1700,55.4500,63.8500,49 414.0400,43.4900,466.2600,115.8500,5 145.7400,214.9700,184.7900,249.2000,5 571.1600,31.7200,609.3600,81.2300,49 128.4700,18.0800,150.2400,67.9600,49 300.3400,1.9200,344.4800,51.8200,49 552.5000,18.4800,566.4200,44.6300,49 23.3000,87.4700,198.7100,248.2500,49 150.5500,9.7900,201.4200,75.6200,49 90.2800,17.3500,134.5900,66.9900,49 0.0000,28.9600,36.5200,63.9600,49 433.7200,1.4800,489.8700,48.2000,49 108.4500,1.8600,132.3400,32.9600,49 1.0000,0.0000,639.0000,202.0000,49
/mnt/ai_models/coco2014/train2014/COCO_train2014_000000394518.jpg 452.9300,297.4500,465.5800,319.2100,59 415.5000,210.6300,475.1300,304.8900,49 174.7800,234.2700,184.2600,246.6600,49 251.9900,235.6400,367.4100,395.3000,49 395.6400,206.0700,412.7700,254.4300,49 222.3700,219.4100,237.0300,237.8500,49 357.9500,211.6900,374.3800,260.2100,49 33.7800,224.1300,79.2300,305.4700,49 406.0600,1.1800,441.5200,37.4700,49 239.8400,42.1800,262.0800,71.0800,49 206.4000,62.5400,220.4800,78.8300,49 163.0400,227.0600,175.8800,245.3400,49 137.7000,217.0300,182.4700,236.0600,74 208.8000,216.1000,221.3000,238.0400,49 269.3400,46.0400,290.8300,64.5800,49 171.0200,350.3900,329.3300,428.0000,59 314.4900,384.4400,319.1400,392.2000,59 387.0700,293.7900,442.6900,310.0400,59 10.0000,0.0000,524.0000,253.0000,49
/mnt/ai_models/coco2014/train2014/COCO_train2014_000000198042.jpg 79.6100,146.4000,98.9500,164.9100,62 77.7200,8.7000,478.8200,391.5600,49 479.7600,3.9100,570.8100,232.7900,49 19.1200,12.1700,55.4500,63.8500,49 414.0400,43.4900,466.2600,115.8500,5 145.7400,214.9700,184.7900,249.2000,5 571.1600,31.7200,609.3600,81.2300,49 128.4700,18.0800,150.2400,67.9600,49 300.3400,1.9200,344.4800,51.8200,49 552.5000,18.4800,566.4200,44.6300,49 23.3000,87.4700,198.7100,248.2500,49 150.5500,9.7900,201.4200,75.6200,49 90.2800,17.3500,134.5900,66.9900,49 0.0000,28.9600,36.5200,63.9600,49 433.7200,1.4800,489.8700,48.2000,49 108.4500,1.8600,132.3400,32.9600,49 1.0000,0.0000,639.0000,202.0000,49
/mnt/ai_models/coco2014/train2014/COCO_train2014_000000198042.jpg 79.6100,146.4000,98.9500,164.9100,62 77.7200,8.7000,478.8200,391.5600,49 479.7600,3.9100,570.8100,232.7900,49 19.1200,12.1700,55.4500,63.8500,49 414.0400,43.4900,466.2600,115.8500,5 145.7400,214.9700,184.7900,249.2000,5 571.1600,31.7200,609.3600,81.2300,49 128.4700,18.0800,150.2400,67.9600,49 300.3400,1.9200,344.4800,51.8200,49 552.5000,18.4800,566.4200,44.6300,49 23.3000,87.4700,198.7100,248.2500,49 150.5500,9.7900,201.4200,75.6200,49 90.2800,17.3500,134.5900,66.9900,49 0.0000,28.9600,36.5200,63.9600,49 433.7200,1.4800,489.8700,48.2000,49 108.4500,1.8600,132.3400,32.9600,49 1.0000,0.0000,639.0000,202.0000,49
/mnt/ai_models/coco2014/train2014/COCO_train2014_000000198042.jpg 79.6100,146.4000,98.9500,164.9100,62 77.7200,8.7000,478.8200,391.5600,49 479.7600,3.9100,570.8100,232.7900,49 19.1200,12.1700,55.4500,63.8500,49 414.0400,43.4900,466.2600,115.8500,5 145.7400,214.9700,184.7900,249.2000,5 571.1600,31.7200,609.3600,81.2300,49 128.4700,18.0800,150.2400,67.9600,49 300.3400,1.9200,344.4800,51.8200,49 552.5000,18.4800,566.4200,44.6300,49 23.3000,87.4700,198.7100,248.2500,49 150.5500,9.7900,201.4200,75.6200,49 90.2800,17.3500,134.5900,66.9900,49 0.0000,28.9600,36.5200,63.9600,49 433.7200,1.4800,489.8700,48.2000,49 108.4500,1.8600,132.3400,32.9600,49 1.0000,0.0000,639.0000,202.0000,49
/mnt/ai_models/coco2014/train2014/COCO_train2014_000000198042.jpg 79.6100,146.4000,98.9500,164.9100,62 77.7200,8.7000,478.8200,391.5600,49 479.7600,3.9100,570.8100,232.7900,49 19.1200,12.1700,55.4500,63.8500,49 414.0400,43.4900,466.2600,115.8500,5 145.7400,214.9700,184.7900,249.2000,5 571.1600,31.7200,609.3600,81.2300,49 128.4700,18.0800,150.2400,67.9600,49 300.3400,1.9200,344.4800,51.8200,49 552.5000,18.4800,566.4200,44.6300,49 23.3000,87.4700,198.7100,248.2500,49 150.5500,9.7900,201.4200,75.6200,49 90.2800,17.3500,134.5900,66.9900,49 0.0000,28.9600,36.5200,63.9600,49 433.7200,1.4800,489.8700,48.2000,49 108.4500,1.8600,132.3400,32.9600,49 1.0000,0.0000,639.0000,202.0000,49
/mnt/ai_models/coco2014/train2014/COCO_train2014_000000394518.jpg 452.9300,297.4500,465.5800,319.2100,59 415.5000,210.6300,475.1300,304.8900,49 174.7800,234.2700,184.2600,246.6600,49 251.9900,235.6400,367.4100,395.3000,49 395.6400,206.0700,412.7700,254.4300,49 222.3700,219.4100,237.0300,237.8500,49 357.9500,211.6900,374.3800,260.2100,49 33.7800,224.1300,79.2300,305.4700,49 406.0600,1.1800,441.5200,37.4700,49 239.8400,42.1800,262.0800,71.0800,49 206.4000,62.5400,220.4800,78.8300,49 163.0400,227.0600,175.8800,245.3400,49 137.7000,217.0300,182.4700,236.0600,74 208.8000,216.1000,221.3000,238.0400,49 269.3400,46.0400,290.8300,64.5800,49 171.0200,350.3900,329.3300,428.0000,59 314.4900,384.4400,319.1400,392.2000,59 387.0700,293.7900,442.6900,310.0400,59 10.0000,0.0000,524.0000,253.0000,49
/mnt/ai_models/coco2014/train2014/COCO_train2014_000000198042.jpg 79.6100,146.4000,98.9500,164.9100,62 77.7200,8.7000,478.8200,391.5600,49 479.7600,3.9100,570.8100,232.7900,49 19.1200,12.1700,55.4500,63.8500,49 414.0400,43.4900,466.2600,115.8500,5 145.7400,214.9700,184.7900,249.2000,5 571.1600,31.7200,609.3600,81.2300,49 128.4700,18.0800,150.2400,67.9600,49 300.3400,1.9200,344.4800,51.8200,49 552.5000,18.4800,566.4200,44.6300,49 23.3000,87.4700,198.7100,248.2500,49 150.5500,9.7900,201.4200,75.6200,49 90.2800,17.3500,134.5900,66.9900,49 0.0000,28.9600,36.5200,63.9600,49 433.7200,1.4800,489.8700,48.2000,49 108.4500,1.8600,132.3400,32.9600,49 1.0000,0.0000,639.0000,202.0000,49
/mnt/ai_models/coco2014/train2014/COCO_train2014_000000198042.jpg 79.6100,146.4000,98.9500,164.9100,62 77.7200,8.7000,478.8200,391.5600,49 479.7600,3.9100,570.8100,232.7900,49 19.1200,12.1700,55.4500,63.8500,49 414.0400,43.4900,466.2600,115.8500,5 145.7400,214.9700,184.7900,249.2000,5 571.1600,31.7200,609.3600,81.2300,49 128.4700,18.0800,150.2400,67.9600,49 300.3400,1.9200,344.4800,51.8200,49 552.5000,18.4800,566.4200,44.6300,49 23.3000,87.4700,198.7100,248.2500,49 150.5500,9.7900,201.4200,75.6200,49 90.2800,17.3500,134.5900,66.9900,49 0.0000,28.9600,36.5200,63.9600,49 433.7200,1.4800,489.8700,48.2000,49 108.4500,1.8600,132.3400,32.9600,49 1.0000,0.0000,639.0000,202.0000,49
/mnt/ai_models/coco2014/train2014/COCO_train2014_000000198042.jpg 79.6100,146.4000,98.9500,164.9100,62 77.7200,8.7000,478.8200,391.5600,49 479.7600,3.9100,570.8100,232.7900,49 19.1200,12.1700,55.4500,63.8500,49 414.0400,43.4900,466.2600,115.8500,5 145.7400,214.9700,184.7900,249.2000,5 571.1600,31.7200,609.3600,81.2300,49 128.4700,18.0800,150.2400,67.9600,49 300.3400,1.9200,344.4800,51.8200,49 552.5000,18.4800,566.4200,44.6300,49 23.3000,87.4700,198.7100,248.2500,49 150.5500,9.7900,201.4200,75.6200,49 90.2800,17.3500,134.5900,66.9900,49 0.0000,28.9600,36.5200,63.9600,49 433.7200,1.4800,489.8700,48.2000,49 108.4500,1.8600,132.3400,32.9600,49 1.0000,0.0000,639.0000,202.0000,49
/mnt/ai_models/coco2014/train2014/COCO_train2014_000000394518.jpg 452.9300,297.4500,465.5800,319.2100,59 415.5000,210.6300,475.1300,304.8900,49 174.7800,234.2700,184.2600,246.6600,49 251.9900,235.6400,367.4100,395.3000,49 395.6400,206.0700,412.7700,254.4300,49 222.3700,219.4100,237.0300,237.8500,49 357.9500,211.6900,374.3800,260.2100,49 33.7800,224.1300,79.2300,305.4700,49 406.0600,1.1800,441.5200,37.4700,49 239.8400,42.1800,262.0800,71.0800,49 206.4000,62.5400,220.4800,78.8300,49 163.0400,227.0600,175.8800,245.3400,49 137.7000,217.0300,182.4700,236.0600,74 208.8000,216.1000,221.3000,238.0400,49 269.3400,46.0400,290.8300,64.5800,49 171.0200,350.3900,329.3300,428.0000,59 314.4900,384.4400,319.1400,392.2000,59 387.0700,293.7900,442.6900,310.0400,59 10.0000,0.0000,524.0000,253.0000,49
/mnt/ai_models/coco2014/train2014/COCO_train2014_000000198042.jpg 79.6100,146.4000,98.9500,164.9100,62 77.7200,8.7000,478.8200,391.5600,49 479.7600,3.9100,570.8100,232.7900,49 19.1200,12.1700,55.4500,63.8500,49 414.0400,43.4900,466.2600,115.8500,5 145.7400,214.9700,184.7900,249.2000,5 571.1600,31.7200,609.3600,81.2300,49 128.4700,18.0800,150.2400,67.9600,49 300.3400,1.9200,344.4800,51.8200,49 552.5000,18.4800,566.4200,44.6300,49 23.3000,87.4700,198.7100,248.2500,49 150.5500,9.7900,201.4200,75.6200,49 90.2800,17.3500,134.5900,66.9900,49 0.0000,28.9600,36.5200,63.9600,49 433.7200,1.4800,489.8700,48.2000,49 108.4500,1.8600,132.3400,32.9600,49 1.0000,0.0000,639.0000,202.0000,49
/mnt/ai_models/coco2014/train2014/COCO_train2014_000000198042.jpg 79.6100,146.4000,98.9500,164.9100,62 77.7200,8.7000,478.8200,391.5600,49 479.7600,3.9100,570.8100,232.7900,49 19.1200,12.1700,55.4500,63.8500,49 414.0400,43.4900,466.2600,115.8500,5 145.7400,214.9700,184.7900,249.2000,5 571.1600,31.7200,609.3600,81.2300,49 128.4700,18.0800,150.2400,67.9600,49 300.3400,1.9200,344.4800,51.8200,49 552.5000,18.4800,566.4200,44.6300,49 23.3000,87.4700,198.7100,248.2500,49 150.5500,9.7900,201.4200,75.6200,49 90.2800,17.3500,134.5900,66.9900,49 0.0000,28.9600,36.5200,63.9600,49 433.7200,1.4800,489.8700,48.2000,49 108.4500,1.8600,132.3400,32.9600,49 1.0000,0.0000,639.0000,202.0000,49
/mnt/ai_models/coco2014/train2014/COCO_train2014_000000198042.jpg 79.6100,146.4000,98.9500,164.9100,62 77.7200,8.7000,478.8200,391.5600,49 479.7600,3.9100,570.8100,232.7900,49 19.1200,12.1700,55.4500,63.8500,49 414.0400,43.4900,466.2600,115.8500,5 145.7400,214.9700,184.7900,249.2000,5 571.1600,31.7200,609.3600,81.2300,49 128.4700,18.0800,150.2400,67.9600,49 300.3400,1.9200,344.4800,51.8200,49 552.5000,18.4800,566.4200,44.6300,49 23.3000,87.4700,198.7100,248.2500,49 150.5500,9.7900,201.4200,75.6200,49 90.2800,17.3500,134.5900,66.9900,49 0.0000,28.9600,36.5200,63.9600,49 433.7200,1.4800,489.8700,48.2000,49 108.4500,1.8600,132.3400,32.9600,49 1.0000,0.0000,639.0000,202.0000,49
/mnt/ai_models/coco2014/train2014/COCO_train2014_000000198042.jpg 79.6100,146.4000,98.9500,164.9100,62 77.7200,8.7000,478.8200,391.5600,49 479.7600,3.9100,570.8100,232.7900,49 19.1200,12.1700,55.4500,63.8500,49 414.0400,43.4900,466.2600,115.8500,5 145.7400,214.9700,184.7900,249.2000,5 571.1600,31.7200,609.3600,81.2300,49 128.4700,18.0800,150.2400,67.9600,49 300.3400,1.9200,344.4800,51.8200,49 552.5000,18.4800,566.4200,44.6300,49 23.3000,87.4700,198.7100,248.2500,49 150.5500,9.7900,201.4200,75.6200,49 90.2800,17.3500,134.5900,66.9900,49 0.0000,28.9600,36.5200,63.9600,49 433.7200,1.4800,489.8700,48.2000,49 108.4500,1.8600,132.3400,32.9600,49 1.0000,0.0000,639.0000,202.0000,49
/mnt/ai_models/coco2014/train2014/COCO_train2014_000000198042.jpg 79.6100,146.4000,98.9500,164.9100,62 77.7200,8.7000,478.8200,391.5600,49 479.7600,3.9100,570.8100,232.7900,49 19.1200,12.1700,55.4500,63.8500,49 414.0400,43.4900,466.2600,115.8500,5 145.7400,214.9700,184.7900,249.2000,5 571.1600,31.7200,609.3600,81.2300,49 128.4700,18.0800,150.2400,67.9600,49 300.3400,1.9200,344.4800,51.8200,49 552.5000,18.4800,566.4200,44.6300,49 23.3000,87.4700,198.7100,248.2500,49 150.5500,9.7900,201.4200,75.6200,49 90.2800,17.3500,134.5900,66.9900,49 0.0000,28.9600,36.5200,63.9600,49 433.7200,1.4800,489.8700,48.2000,49 108.4500,1.8600,132.3400,32.9600,49 1.0000,0.0000,639.0000,202.0000,49
/mnt/ai_models/coco2014/train2014/COCO_train2014_000000198042.jpg 79.6100,146.4000,98.9500,164.9100,62 77.7200,8.7000,478.8200,391.5600,49 479.7600,3.9100,570.8100,232.7900,49 19.1200,12.1700,55.4500,63.8500,49 414.0400,43.4900,466.2600,115.8500,5 145.7400,214.9700,184.7900,249.2000,5 571.1600,31.7200,609.3600,81.2300,49 128.4700,18.0800,150.2400,67.9600,49 300.3400,1.9200,344.4800,51.8200,49 552.5000,18.4800,566.4200,44.6300,49 23.3000,87.4700,198.7100,248.2500,49 150.5500,9.7900,201.4200,75.6200,49 90.2800,17.3500,134.5900,66.9900,49 0.0000,28.9600,36.5200,63.9600,49 433.7200,1.4800,489.8700,48.2000,49 108.4500,1.8600,132.3400,32.9600,49 1.0000,0.0000,639.0000,202.0000,49
/mnt/ai_models/coco2014/train2014/COCO_train2014_000000198042.jpg 79.6100,146.4000,98.9500,164.9100,62 77.7200,8.7000,478.8200,391.5600,49 479.7600,3.9100,570.8100,232.7900,49 19.1200,12.1700,55.4500,63.8500,49 414.0400,43.4900,466.2600,115.8500,5 145.7400,214.9700,184.7900,249.2000,5 571.1600,31.7200,609.3600,81.2300,49 128.4700,18.0800,150.2400,67.9600,49 300.3400,1.9200,344.4800,51.8200,49 552.5000,18.4800,566.4200,44.6300,49 23.3000,87.4700,198.7100,248.2500,49 150.5500,9.7900,201.4200,75.6200,49 90.2800,17.3500,134.5900,66.9900,49 0.0000,28.9600,36.5200,63.9600,49 433.7200,1.4800,489.8700,48.2000,49 108.4500,1.8600,132.3400,32.9600,49 1.0000,0.0000,639.0000,202.0000,49
/mnt/ai_models/coco2014/train2014/COCO_train2014_000000198042.jpg 79.6100,146.4000,98.9500,164.9100,62 77.7200,8.7000,478.8200,391.5600,49 479.7600,3.9100,570.8100,232.7900,49 19.1200,12.1700,55.4500,63.8500,49 414.0400,43.4900,466.2600,115.8500,5 145.7400,214.9700,184.7900,249.2000,5 571.1600,31.7200,609.3600,81.2300,49 128.4700,18.0800,150.2400,67.9600,49 300.3400,1.9200,344.4800,51.8200,49 552.5000,18.4800,566.4200,44.6300,49 23.3000,87.4700,198.7100,248.2500,49 150.5500,9.7900,201.4200,75.6200,49 90.2800,17.3500,134.5900,66.9900,49 0.0000,28.9600,36.5200,63.9600,49 433.7200,1.4800,489.8700,48.2000,49 108.4500,1.8600,132.3400,32.9600,49 1.0000,0.0000,639.0000,202.0000,49
/mnt/ai_models/coco2014/train2014/COCO_train2014_000000198042.jpg 79.6100,146.4000,98.9500,164.9100,62 77.7200,8.7000,478.8200,391.5600,49 479.7600,3.9100,570.8100,232.7900,49 19.1200,12.1700,55.4500,63.8500,49 414.0400,43.4900,466.2600,115.8500,5 145.7400,214.9700,184.7900,249.2000,5 571.1600,31.7200,609.3600,81.2300,49 128.4700,18.0800,150.2400,67.9600,49 300.3400,1.9200,344.4800,51.8200,49 552.5000,18.4800,566.4200,44.6300,49 23.3000,87.4700,198.7100,248.2500,49 150.5500,9.7900,201.4200,75.6200,49 90.2800,17.3500,134.5900,66.9900,49 0.0000,28.9600,36.5200,63.9600,49 433.7200,1.4800,489.8700,48.2000,49 108.4500,1.8600,132.3400,32.9600,49 1.0000,0.0000,639.0000,202.0000,49
/mnt/ai_models/coco2014/train2014/COCO_train2014_000000198042.jpg 79.6100,146.4000,98.9500,164.9100,62 77.7200,8.7000,478.8200,391.5600,49 479.7600,3.9100,570.8100,232.7900,49 19.1200,12.1700,55.4500,63.8500,49 414.0400,43.4900,466.2600,115.8500,5 145.7400,214.9700,184.7900,249.2000,5 571.1600,31.7200,609.3600,81.2300,49 128.4700,18.0800,150.2400,67.9600,49 300.3400,1.9200,344.4800,51.8200,49 552.5000,18.4800,566.4200,44.6300,49 23.3000,87.4700,198.7100,248.2500,49 150.5500,9.7900,201.4200,75.6200,49 90.2800,17.3500,134.5900,66.9900,49 0.0000,28.9600,36.5200,63.9600,49 433.7200,1.4800,489.8700,48.2000,49 108.4500,1.8600,132.3400,32.9600,49 1.0000,0.0000,639.0000,202.0000,49
/mnt/ai_models/coco2014/train2014/COCO_train2014_000000192702.jpg 2.0900,92.9900,518.2400,335.3900,0 495.3200,236.6700,623.0800,301.5900,0 214.7500,293.5200,493.6100,393.4100,0 444.0800,331.3200,457.4100,374.9500,49 477.8300,292.7500,495.5600,315.5400,49 448.3200,293.4600,470.3200,318.4700,49 551.9100,285.7900,564.8100,319.1200,49 464.1000,328.0400,476.5700,365.4400,49 428.4300,341.8600,442.5300,383.5200,49 419.7800,340.5700,429.3700,357.5000,49 498.4600,288.1900,513.1300,331.0800,49 554.6200,271.9700,571.5400,294.5300,49 512.4900,22.7300,553.3300,35.8700,0 487.5400,318.7400,492.6300,328.9000,49
/mnt/ai_models/coco2014/train2014/COCO_train2014_000000192702.jpg 2.0900,92.9900,518.2400,335.3900,0 495.3200,236.6700,623.0800,301.5900,0 214.7500,293.5200,493.6100,393.4100,0 444.0800,331.3200,457.4100,374.9500,49 477.8300,292.7500,495.5600,315.5400,49 448.3200,293.4600,470.3200,318.4700,49 551.9100,285.7900,564.8100,319.1200,49 464.1000,328.0400,476.5700,365.4400,49 428.4300,341.8600,442.5300,383.5200,49 419.7800,340.5700,429.3700,357.5000,49 498.4600,288.1900,513.1300,331.0800,49 554.6200,271.9700,571.5400,294.5300,49 512.4900,22.7300,553.3300,35.8700,0 487.5400,318.7400,492.6300,328.9000,49
/mnt/ai_models/coco2014/train2014/COCO_train2014_000000192702.jpg 2.0900,92.9900,518.2400,335.3900,0 495.3200,236.6700,623.0800,301.5900,0 214.7500,293.5200,493.6100,393.4100,0 444.0800,331.3200,457.4100,374.9500,49 477.8300,292.7500,495.5600,315.5400,49 448.3200,293.4600,470.3200,318.4700,49 551.9100,285.7900,564.8100,319.1200,49 464.1000,328.0400,476.5700,365.4400,49 428.4300,341.8600,442.5300,383.5200,49 419.7800,340.5700,429.3700,357.5000,49 498.4600,288.1900,513.1300,331.0800,49 554.6200,271.9700,571.5400,294.5300,49 512.4900,22.7300,553.3300,35.8700,0 487.5400,318.7400,492.6300,328.9000,49
/mnt/ai_models/coco2014/train2014/COCO_train2014_000000192702.jpg 2.0900,92.9900,518.2400,335.3900,0 495.3200,236.6700,623.0800,301.5900,0 214.7500,293.5200,493.6100,393.4100,0 444.0800,331.3200,457.4100,374.9500,49 477.8300,292.7500,495.5600,315.5400,49 448.3200,293.4600,470.3200,318.4700,49 551.9100,285.7900,564.8100,319.1200,49 464.1000,328.0400,476.5700,365.4400,49 428.4300,341.8600,442.5300,383.5200,49 419.7800,340.5700,429.3700,357.5000,49 498.4600,288.1900,513.1300,331.0800,49 554.6200,271.9700,571.5400,294.5300,49 512.4900,22.7300,553.3300,35.8700,0 487.5400,318.7400,492.6300,328.9000,49
/mnt/ai_models/coco2014/train2014/COCO_train2014_000000192702.jpg 2.0900,92.9900,518.2400,335.3900,0 495.3200,236.6700,623.0800,301.5900,0 214.7500,293.5200,493.6100,393.4100,0 444.0800,331.3200,457.4100,374.9500,49 477.8300,292.7500,495.5600,315.5400,49 448.3200,293.4600,470.3200,318.4700,49 551.9100,285.7900,564.8100,319.1200,49 464.1000,328.0400,476.5700,365.4400,49 428.4300,341.8600,442.5300,383.5200,49 419.7800,340.5700,429.3700,357.5000,49 498.4600,288.1900,513.1300,331.0800,49 554.6200,271.9700,571.5400,294.5300,49 512.4900,22.7300,553.3300,35.8700,0 487.5400,318.7400,492.6300,328.9000,49
/mnt/ai_models/coco2014/train2014/COCO_train2014_000000192702.jpg 2.0900,92.9900,518.2400,335.3900,0 495.3200,236.6700,623.0800,301.5900,0 214.7500,293.5200,493.6100,393.4100,0 444.0800,331.3200,457.4100,374.9500,49 477.8300,292.7500,495.5600,315.5400,49 448.3200,293.4600,470.3200,318.4700,49 551.9100,285.7900,564.8100,319.1200,49 464.1000,328.0400,476.5700,365.4400,49 428.4300,341.8600,442.5300,383.5200,49 419.7800,340.5700,429.3700,357.5000,49 498.4600,288.1900,513.1300,331.0800,49 554.6200,271.9700,571.5400,294.5300,49 512.4900,22.7300,553.3300,35.8700,0 487.5400,318.7400,492.6300,328.9000,49
/mnt/ai_models/coco2014/train2014/COCO_train2014_000000192702.jpg 2.0900,92.9900,518.2400,335.3900,0 495.3200,236.6700,623.0800,301.5900,0 214.7500,293.5200,493.6100,393.4100,0 444.0800,331.3200,457.4100,374.9500,49 477.8300,292.7500,495.5600,315.5400,49 448.3200,293.4600,470.3200,318.4700,49 551.9100,285.7900,564.8100,319.1200,49 464.1000,328.0400,476.5700,365.4400,49 428.4300,341.8600,442.5300,383.5200,49 419.7800,340.5700,429.3700,357.5000,49 498.4600,288.1900,513.1300,331.0800,49 554.6200,271.9700,571.5400,294.5300,49 512.4900,22.7300,553.3300,35.8700,0 487.5400,318.7400,492.6300,328.9000,49
/mnt/ai_models/coco2014/train2014/COCO_train2014_000000192702.jpg 2.0900,92.9900,518.2400,335.3900,0 495.3200,236.6700,623.0800,301.5900,0 214.7500,293.5200,493.6100,393.4100,0 444.0800,331.3200,457.4100,374.9500,49 477.8300,292.7500,495.5600,315.5400,49 448.3200,293.4600,470.3200,318.4700,49 551.9100,285.7900,564.8100,319.1200,49 464.1000,328.0400,476.5700,365.4400,49 428.4300,341.8600,442.5300,383.5200,49 419.7800,340.5700,429.3700,357.5000,49 498.4600,288.1900,513.1300,331.0800,49 554.6200,271.9700,571.5400,294.5300,49 512.4900,22.7300,553.3300,35.8700,0 487.5400,318.7400,492.6300,328.9000,49
/mnt/ai_models/coco2014/train2014/COCO_train2014_000000021204.jpg 417.9400,143.7300,514.3900,382.2300,49 26.7500,165.3500,197.7400,386.9700,49 107.4700,104.5900,166.0000,209.1800,49 173.8600,239.8600,267.4700,385.0600,49 515.0600,113.5200,561.8100,262.2500,49 553.0900,118.7000,591.0500,257.3800,49 589.1600,113.2900,632.3400,260.1000,49 436.1600,145.2600,459.3100,215.4800,4 256.9700,337.6000,295.5000,372.0500,5 36.5500,95.4300,101.7500,278.3900,49 316.4400,226.8800,352.6300,246.2100,2 514.0400,196.3800,523.0100,212.3300,13 628.8400,134.3700,640.0000,254.5300,49 348.6400,220.7400,379.3800,242.9800,2
/mnt/ai_models/coco2014/train2014/COCO_train2014_000000021204.jpg 417.9400,143.7300,514.3900,382.2300,49 26.7500,165.3500,197.7400,386.9700,49 107.4700,104.5900,166.0000,209.1800,49 173.8600,239.8600,267.4700,385.0600,49 515.0600,113.5200,561.8100,262.2500,49 553.0900,118.7000,591.0500,257.3800,49 589.1600,113.2900,632.3400,260.1000,49 436.1600,145.2600,459.3100,215.4800,4 256.9700,337.6000,295.5000,372.0500,5 36.5500,95.4300,101.7500,278.3900,49 316.4400,226.8800,352.6300,246.2100,2 514.0400,196.3800,523.0100,212.3300,13 628.8400,134.3700,640.0000,254.5300,49 348.6400,220.7400,379.3800,242.9800,2
/mnt/ai_models/coco2014/train2014/COCO_train2014_000000021204.jpg 417.9400,143.7300,514.3900,382.2300,49 26.7500,165.3500,197.7400,386.9700,49 107.4700,104.5900,166.0000,209.1800,49 173.8600,239.8600,267.4700,385.0600,49 515.0600,113.5200,561.8100,262.2500,49 553.0900,118.7000,591.0500,257.3800,49 589.1600,113.2900,632.3400,260.1000,49 436.1600,145.2600,459.3100,215.4800,4 256.9700,337.6000,295.5000,372.0500,5 36.5500,95.4300,101.7500,278.3900,49 316.4400,226.8800,352.6300,246.2100,2 514.0400,196.3800,523.0100,212.3300,13 628.8400,134.3700,640.0000,254.5300,49 348.6400,220.7400,379.3800,242.9800,2
/mnt/ai_models/coco2014/train2014/COCO_train2014_000000021204.jpg 417.9400,143.7300,514.3900,382.2300,49 26.7500,165.3500,197.7400,386.9700,49 107.4700,104.5900,166.0000,209.1800,49 173.8600,239.8600,267.4700,385.0600,49 515.0600,113.5200,561.8100,262.2500,49 553.0900,118.7000,591.0500,257.3800,49 589.1600,113.2900,632.3400,260.1000,49 436.1600,145.2600,459.3100,215.4800,4 256.9700,337.6000,295.5000,372.0500,5 36.5500,95.4300,101.7500,278.3900,49 316.4400,226.8800,352.6300,246.2100,2 514.0400,196.3800,523.0100,212.3300,13 628.8400,134.3700,640.0000,254.5300,49 348.6400,220.7400,379.3800,242.9800,2
/mnt/ai_models/coco2014/train2014/COCO_train2014_000000415569.jpg 481.5300,206.9100,494.6100,217.9300,4 507.4100,231.6100,513.8900,239.6500,5 508.5900,223.0300,540.3500,256.1200,49 460.3900,210.6900,499.5100,256.5200,49 360.2300,117.9500,376.2200,141.2300,49 483.0600,72.6500,488.7700,80.3500,49 529.8600,57.6200,536.0200,65.6000,49 577.7700,55.3100,583.7600,62.2700,49 278.6700,44.4800,286.6200,55.2400,49 252.1300,126.5800,272.3100,155.1800,49 540.0400,220.0000,563.3700,261.0800,49 606.1800,83.9100,614.4400,94.5100,49 282.5600,116.4700,299.9600,139.6700,49 359.9800,214.5400,363.4900,217.7700,62 469.9800,95.6700,477.1200,101.6700,49 75.0000,8.0000,639.0000,215.0000,49
/mnt/ai_models/coco2014/train2014/COCO_train2014_000000415569.jpg 481.5300,206.9100,494.6100,217.9300,4 507.4100,231.6100,513.8900,239.6500,5 508.5900,223.0300,540.3500,256.1200,49 460.3900,210.6900,499.5100,256.5200,49 360.2300,117.9500,376.2200,141.2300,49 483.0600,72.6500,488.7700,80.3500,49 529.8600,57.6200,536.0200,65.6000,49 577.7700,55.3100,583.7600,62.2700,49 278.6700,44.4800,286.6200,55.2400,49 252.1300,126.5800,272.3100,155.1800,49 540.0400,220.0000,563.3700,261.0800,49 606.1800,83.9100,614.4400,94.5100,49 282.5600,116.4700,299.9600,139.6700,49 359.9800,214.5400,363.4900,217.7700,62 469.9800,95.6700,477.1200,101.6700,49 75.0000,8.0000,639.0000,215.0000,49
/mnt/ai_models/coco2014/train2014/COCO_train2014_000000415569.jpg 481.5300,206.9100,494.6100,217.9300,4 507.4100,231.6100,513.8900,239.6500,5 508.5900,223.0300,540.3500,256.1200,49 460.3900,210.6900,499.5100,256.5200,49 360.2300,117.9500,376.2200,141.2300,49 483.0600,72.6500,488.7700,80.3500,49 529.8600,57.6200,536.0200,65.6000,49 577.7700,55.3100,583.7600,62.2700,49 278.6700,44.4800,286.6200,55.2400,49 252.1300,126.5800,272.3100,155.1800,49 540.0400,220.0000,563.3700,261.0800,49 606.1800,83.9100,614.4400,94.5100,49 282.5600,116.4700,299.9600,139.6700,49 359.9800,214.5400,363.4900,217.7700,62 469.9800,95.6700,477.1200,101.6700,49 75.0000,8.0000,639.0000,215.0000,49
/mnt/ai_models/coco2014/train2014/COCO_train2014_000000415569.jpg 481.5300,206.9100,494.6100,217.9300,4 507.4100,231.6100,513.8900,239.6500,5 508.5900,223.0300,540.3500,256.1200,49 460.3900,210.6900,499.5100,256.5200,49 360.2300,117.9500,376.2200,141.2300,49 483.0600,72.6500,488.7700,80.3500,49 529.8600,57.6200,536.0200,65.6000,49 577.7700,55.3100,583.7600,62.2700,49 278.6700,44.4800,286.6200,55.2400,49 252.1300,126.5800,272.3100,155.1800,49 540.0400,220.0000,563.3700,261.0800,49 606.1800,83.9100,614.4400,94.5100,49 282.5600,116.4700,299.9600,139.6700,49 359.9800,214.5400,363.4900,217.7700,62 469.9800,95.6700,477.1200,101.6700,49 75.0000,8.0000,639.0000,215.0000,49
/mnt/ai_models/coco2014/train2014/COCO_train2014_000000469661.jpg 104.9100,45.3600,556.2100,382.8500,75 191.8000,277.4300,450.1500,412.3700,20 374.5300,1.0800,398.2100,46.2800,12 18.3800,317.8400,28.1100,364.3200,12 40.5900,249.2300,47.3400,304.8200,12 1.0800,95.6700,78.7400,157.1500,12 45.0700,173.6300,53.6800,230.0300,12 410.2800,17.9100,422.1500,48.1100,12 198.3000,0.1000,205.9800,45.8200,12 0.0000,0.5300,75.0400,76.5600,12 227.6100,186.7000,236.9500,211.2800,49 272.7400,217.9200,286.2900,248.5700,49 301.1800,218.5600,314.0100,247.6400,49 373.0100,279.6100,385.7700,312.2700,49 414.7100,178.5300,424.8700,203.3500,49 436.4800,156.8000,448.7900,179.6600,49 144.1500,214.7500,156.9600,247.3600,49 254.0900,285.0000,267.9200,301.4200,49 20.6600,240.7500,33.6200,306.4200,12 44.1500,249.5200,59.9500,305.1900,12 34.7100,249.4400,43.6900,306.1200,12 67.3700,172.0200,73.5800,210.5100,12 281.5700,115.8700,290.1400,135.3000,49 215.0400,138.4900,221.5200,152.9300,49 56.5600,170.7600,66.5300,232.2300,12 0.0000,157.0000,53.0000,391.0000,12
/mnt/ai_models/coco2014/train2014/COCO_train2014_000000415569.jpg 481.5300,206.9100,494.6100,217.9300,4 507.4100,231.6100,513.8900,239.6500,5 508.5900,223.0300,540.3500,256.1200,49 460.3900,210.6900,499.5100,256.5200,49 360.2300,117.9500,376.2200,141.2300,49 483.0600,72.6500,488.7700,80.3500,49 529.8600,57.6200,536.0200,65.6000,49 577.7700,55.3100,583.7600,62.2700,49 278.6700,44.4800,286.6200,55.2400,49 252.1300,126.5800,272.3100,155.1800,49 540.0400,220.0000,563.3700,261.0800,49 606.1800,83.9100,614.4400,94.5100,49 282.5600,116.4700,299.9600,139.6700,49 359.9800,214.5400,363.4900,217.7700,62 469.9800,95.6700,477.1200,101.6700,49 75.0000,8.0000,639.0000,215.0000,49
/mnt/ai_models/coco2014/train2014/COCO_train2014_000000415569.jpg 481.5300,206.9100,494.6100,217.9300,4 507.4100,231.6100,513.8900,239.6500,5 508.5900,223.0300,540.3500,256.1200,49 460.3900,210.6900,499.5100,256.5200,49 360.2300,117.9500,376.2200,141.2300,49 483.0600,72.6500,488.7700,80.3500,49 529.8600,57.6200,536.0200,65.6000,49 577.7700,55.3100,583.7600,62.2700,49 278.6700,44.4800,286.6200,55.2400,49 252.1300,126.5800,272.3100,155.1800,49 540.0400,220.0000,563.3700,261.0800,49 606.1800,83.9100,614.4400,94.5100,49 282.5600,116.4700,299.9600,139.6700,49 359.9800,214.5400,363.4900,217.7700,62 469.9800,95.6700,477.1200,101.6700,49 75.0000,8.0000,639.0000,215.0000,49
/mnt/ai_models/coco2014/train2014/COCO_train2014_000000415569.jpg 481.5300,206.9100,494.6100,217.9300,4 507.4100,231.6100,513.8900,239.6500,5 508.5900,223.0300,540.3500,256.1200,49 460.3900,210.6900,499.5100,256.5200,49 360.2300,117.9500,376.2200,141.2300,49 483.0600,72.6500,488.7700,80.3500,49 529.8600,57.6200,536.0200,65.6000,49 577.7700,55.3100,583.7600,62.2700,49 278.6700,44.4800,286.6200,55.2400,49 252.1300,126.5800,272.3100,155.1800,49 540.0400,220.0000,563.3700,261.0800,49 606.1800,83.9100,614.4400,94.5100,49 282.5600,116.4700,299.9600,139.6700,49 359.9800,214.5400,363.4900,217.7700,62 469.9800,95.6700,477.1200,101.6700,49 75.0000,8.0000,639.0000,215.0000,49
/mnt/ai_models/coco2014/train2014/COCO_train2014_000000415569.jpg 481.5300,206.9100,494.6100,217.9300,4 507.4100,231.6100,513.8900,239.6500,5 508.5900,223.0300,540.3500,256.1200,49 460.3900,210.6900,499.5100,256.5200,49 360.2300,117.9500,376.2200,141.2300,49 483.0600,72.6500,488.7700,80.3500,49 529.8600,57.6200,536.0200,65.6000,49 577.7700,55.3100,583.7600,62.2700,49 278.6700,44.4800,286.6200,55.2400,49 252.1300,126.5800,272.3100,155.1800,49 540.0400,220.0000,563.3700,261.0800,49 606.1800,83.9100,614.4400,94.5100,49 282.5600,116.4700,299.9600,139.6700,49 359.9800,214.5400,363.4900,217.7700,62 469.9800,95.6700,477.1200,101.6700,49 75.0000,8.0000,639.0000,215.0000,49
/mnt/ai_models/coco2014/train2014/COCO_train2014_000000469661.jpg 104.9100,45.3600,556.2100,382.8500,75 191.8000,277.4300,450.1500,412.3700,20 374.5300,1.0800,398.2100,46.2800,12 18.3800,317.8400,28.1100,364.3200,12 40.5900,249.2300,47.3400,304.8200,12 1.0800,95.6700,78.7400,157.1500,12 45.0700,173.6300,53.6800,230.0300,12 410.2800,17.9100,422.1500,48.1100,12 198.3000,0.1000,205.9800,45.8200,12 0.0000,0.5300,75.0400,76.5600,12 227.6100,186.7000,236.9500,211.2800,49 272.7400,217.9200,286.2900,248.5700,49 301.1800,218.5600,314.0100,247.6400,49 373.0100,279.6100,385.7700,312.2700,49 414.7100,178.5300,424.8700,203.3500,49 436.4800,156.8000,448.7900,179.6600,49 144.1500,214.7500,156.9600,247.3600,49 254.0900,285.0000,267.9200,301.4200,49 20.6600,240.7500,33.6200,306.4200,12 44.1500,249.5200,59.9500,305.1900,12 34.7100,249.4400,43.6900,306.1200,12 67.3700,172.0200,73.5800,210.5100,12 281.5700,115.8700,290.1400,135.3000,49 215.0400,138.4900,221.5200,152.9300,49 56.5600,170.7600,66.5300,232.2300,12 0.0000,157.0000,53.0000,391.0000,12
/mnt/ai_models/coco2014/train2014/COCO_train2014_000000415569.jpg 481.5300,206.9100,494.6100,217.9300,4 507.4100,231.6100,513.8900,239.6500,5 508.5900,223.0300,540.3500,256.1200,49 460.3900,210.6900,499.5100,256.5200,49 360.2300,117.9500,376.2200,141.2300,49 483.0600,72.6500,488.7700,80.3500,49 529.8600,57.6200,536.0200,65.6000,49 577.7700,55.3100,583.7600,62.2700,49 278.6700,44.4800,286.6200,55.2400,49 252.1300,126.5800,272.3100,155.1800,49 540.0400,220.0000,563.3700,261.0800,49 606.1800,83.9100,614.4400,94.5100,49 282.5600,116.4700,299.9600,139.6700,49 359.9800,214.5400,363.4900,217.7700,62 469.9800,95.6700,477.1200,101.6700,49 75.0000,8.0000,639.0000,215.0000,49
/mnt/ai_models/coco2014/train2014/COCO_train2014_000000171967.jpg 602.2000,205.8400,619.3700,220.7200,62 208.2800,173.8400,307.4400,190.6100,4 140.8900,240.1100,175.6100,284.0700,5 1.0100,175.0600,175.5700,346.5900,49 94.5400,100.0600,183.3100,168.0100,49 185.3500,76.5900,261.4600,132.8000,49 422.8900,10.5600,472.5000,65.6900,49 371.4900,14.0900,422.8300,65.4400,49 46.9900,102.6000,98.6600,175.8800,49 72.7000,78.5500,118.2900,135.7700,49 89.2600,138.0100,148.3200,190.6800,49 142.0400,161.3400,186.9400,199.2800,49 141.9300,132.8700,206.5600,196.3000,49 494.2100,34.8200,509.0300,46.7400,21 257.5500,76.7300,450.5600,344.6400,49 471.2300,9.9600,529.8600,63.0500,49 147.4100,107.3300,161.6000,126.0700,26 0.3300,123.5700,64.1000,224.8500,49 1.0000,0.0000,639.0000,303.0000,49
/mnt/ai_models/coco2014/train2014/COCO_train2014_000000171967.jpg 602.2000,205.8400,619.3700,220.7200,62 208.2800,173.8400,307.4400,190.6100,4 140.8900,240.1100,175.6100,284.0700,5 1.0100,175.0600,175.5700,346.5900,49 94.5400,100.0600,183.3100,168.0100,49 185.3500,76.5900,261.4600,132.8000,49 422.8900,10.5600,472.5000,65.6900,49 371.4900,14.0900,422.8300,65.4400,49 46.9900,102.6000,98.6600,175.8800,49 72.7000,78.5500,118.2900,135.7700,49 89.2600,138.0100,148.3200,190.6800,49 142.0400,161.3400,186.9400,199.2800,49 141.9300,132.8700,206.5600,196.3000,49 494.2100,34.8200,509.0300,46.7400,21 257.5500,76.7300,450.5600,344.6400,49 471.2300,9.9600,529.8600,63.0500,49 147.4100,107.3300,161.6000,126.0700,26 0.3300,123.5700,64.1000,224.8500,49 1.0000,0.0000,639.0000,303.0000,49
/mnt/ai_models/coco2014/train2014/COCO_train2014_000000171967.jpg 602.2000,205.8400,619.3700,220.7200,62 208.2800,173.8400,307.4400,190.6100,4 140.8900,240.1100,175.6100,284.0700,5 1.0100,175.0600,175.5700,346.5900,49 94.5400,100.0600,183.3100,168.0100,49 185.3500,76.5900,261.4600,132.8000,49 422.8900,10.5600,472.5000,65.6900,49 371.4900,14.0900,422.8300,65.4400,49 46.9900,102.6000,98.6600,175.8800,49 72.7000,78.5500,118.2900,135.7700,49 89.2600,138.0100,148.3200,190.6800,49 142.0400,161.3400,186.9400,199.2800,49 141.9300,132.8700,206.5600,196.3000,49 494.2100,34.8200,509.0300,46.7400,21 257.5500,76.7300,450.5600,344.6400,49 471.2300,9.9600,529.8600,63.0500,49 147.4100,107.3300,161.6000,126.0700,26 0.3300,123.5700,64.1000,224.8500,49 1.0000,0.0000,639.0000,303.0000,49
/mnt/ai_models/coco2014/train2014/COCO_train2014_000000171967.jpg 602.2000,205.8400,619.3700,220.7200,62 208.2800,173.8400,307.4400,190.6100,4 140.8900,240.1100,175.6100,284.0700,5 1.0100,175.0600,175.5700,346.5900,49 94.5400,100.0600,183.3100,168.0100,49 185.3500,76.5900,261.4600,132.8000,49 422.8900,10.5600,472.5000,65.6900,49 371.4900,14.0900,422.8300,65.4400,49 46.9900,102.6000,98.6600,175.8800,49 72.7000,78.5500,118.2900,135.7700,49 89.2600,138.0100,148.3200,190.6800,49 142.0400,161.3400,186.9400,199.2800,49 141.9300,132.8700,206.5600,196.3000,49 494.2100,34.8200,509.0300,46.7400,21 257.5500,76.7300,450.5600,344.6400,49 471.2300,9.9600,529.8600,63.0500,49 147.4100,107.3300,161.6000,126.0700,26 0.3300,123.5700,64.1000,224.8500,49 1.0000,0.0000,639.0000,303.0000,49
/mnt/ai_models/coco2014/train2014/COCO_train2014_000000171967.jpg 602.2000,205.8400,619.3700,220.7200,62 208.2800,173.8400,307.4400,190.6100,4 140.8900,240.1100,175.6100,284.0700,5 1.0100,175.0600,175.5700,346.5900,49 94.5400,100.0600,183.3100,168.0100,49 185.3500,76.5900,261.4600,132.8000,49 422.8900,10.5600,472.5000,65.6900,49 371.4900,14.0900,422.8300,65.4400,49 46.9900,102.6000,98.6600,175.8800,49 72.7000,78.5500,118.2900,135.7700,49 89.2600,138.0100,148.3200,190.6800,49 142.0400,161.3400,186.9400,199.2800,49 141.9300,132.8700,206.5600,196.3000,49 494.2100,34.8200,509.0300,46.7400,21 257.5500,76.7300,450.5600,344.6400,49 471.2300,9.9600,529.8600,63.0500,49 147.4100,107.3300,161.6000,126.0700,26 0.3300,123.5700,64.1000,224.8500,49 1.0000,0.0000,639.0000,303.0000,49
/mnt/ai_models/coco2014/train2014/COCO_train2014_000000171967.jpg 602.2000,205.8400,619.3700,220.7200,62 208.2800,173.8400,307.4400,190.6100,4 140.8900,240.1100,175.6100,284.0700,5 1.0100,175.0600,175.5700,346.5900,49 94.5400,100.0600,183.3100,168.0100,49 185.3500,76.5900,261.4600,132.8000,49 422.8900,10.5600,472.5000,65.6900,49 371.4900,14.0900,422.8300,65.4400,49 46.9900,102.6000,98.6600,175.8800,49 72.7000,78.5500,118.2900,135.7700,49 89.2600,138.0100,148.3200,190.6800,49 142.0400,161.3400,186.9400,199.2800,49 141.9300,132.8700,206.5600,196.3000,49 494.2100,34.8200,509.0300,46.7400,21 257.5500,76.7300,450.5600,344.6400,49 471.2300,9.9600,529.8600,63.0500,49 147.4100,107.3300,161.6000,126.0700,26 0.3300,123.5700,64.1000,224.8500,49 1.0000,0.0000,639.0000,303.0000,49
/mnt/ai_models/coco2014/train2014/COCO_train2014_000000171967.jpg 602.2000,205.8400,619.3700,220.7200,62 208.2800,173.8400,307.4400,190.6100,4 140.8900,240.1100,175.6100,284.0700,5 1.0100,175.0600,175.5700,346.5900,49 94.5400,100.0600,183.3100,168.0100,49 185.3500,76.5900,261.4600,132.8000,49 422.8900,10.5600,472.5000,65.6900,49 371.4900,14.0900,422.8300,65.4400,49 46.9900,102.6000,98.6600,175.8800,49 72.7000,78.5500,118.2900,135.7700,49 89.2600,138.0100,148.3200,190.6800,49 142.0400,161.3400,186.9400,199.2800,49 141.9300,132.8700,206.5600,196.3000,49 494.2100,34.8200,509.0300,46.7400,21 257.5500,76.7300,450.5600,344.6400,49 471.2300,9.9600,529.8600,63.0500,49 147.4100,107.3300,161.6000,126.0700,26 0.3300,123.5700,64.1000,224.8500,49 1.0000,0.0000,639.0000,303.0000,49
/mnt/ai_models/coco2014/train2014/COCO_train2014_000000171967.jpg 602.2000,205.8400,619.3700,220.7200,62 208.2800,173.8400,307.4400,190.6100,4 140.8900,240.1100,175.6100,284.0700,5 1.0100,175.0600,175.5700,346.5900,49 94.5400,100.0600,183.3100,168.0100,49 185.3500,76.5900,261.4600,132.8000,49 422.8900,10.5600,472.5000,65.6900,49 371.4900,14.0900,422.8300,65.4400,49 46.9900,102.6000,98.6600,175.8800,49 72.7000,78.5500,118.2900,135.7700,49 89.2600,138.0100,148.3200,190.6800,49 142.0400,161.3400,186.9400,199.2800,49 141.9300,132.8700,206.5600,196.3000,49 494.2100,34.8200,509.0300,46.7400,21 257.5500,76.7300,450.5600,344.6400,49 471.2300,9.9600,529.8600,63.0500,49 147.4100,107.3300,161.6000,126.0700,26 0.3300,123.5700,64.1000,224.8500,49 1.0000,0.0000,639.0000,303.0000,49
/mnt/ai_models/coco2014/train2014/COCO_train2014_000000469661.jpg 104.9100,45.3600,556.2100,382.8500,75 191.8000,277.4300,450.1500,412.3700,20 374.5300,1.0800,398.2100,46.2800,12 18.3800,317.8400,28.1100,364.3200,12 40.5900,249.2300,47.3400,304.8200,12 1.0800,95.6700,78.7400,157.1500,12 45.0700,173.6300,53.6800,230.0300,12 410.2800,17.9100,422.1500,48.1100,12 198.3000,0.1000,205.9800,45.8200,12 0.0000,0.5300,75.0400,76.5600,12 227.6100,186.7000,236.9500,211.2800,49 272.7400,217.9200,286.2900,248.5700,49 301.1800,218.5600,314.0100,247.6400,49 373.0100,279.6100,385.7700,312.2700,49 414.7100,178.5300,424.8700,203.3500,49 436.4800,156.8000,448.7900,179.6600,49 144.1500,214.7500,156.9600,247.3600,49 254.0900,285.0000,267.9200,301.4200,49 20.6600,240.7500,33.6200,306.4200,12 44.1500,249.5200,59.9500,305.1900,12 34.7100,249.4400,43.6900,306.1200,12 67.3700,172.0200,73.5800,210.5100,12 281.5700,115.8700,290.1400,135.3000,49 215.0400,138.4900,221.5200,152.9300,49 56.5600,170.7600,66.5300,232.2300,12 0.0000,157.0000,53.0000,391.0000,12
/mnt/ai_models/coco2014/train2014/COCO_train2014_000000171967.jpg 602.2000,205.8400,619.3700,220.7200,62 208.2800,173.8400,307.4400,190.6100,4 140.8900,240.1100,175.6100,284.0700,5 1.0100,175.0600,175.5700,346.5900,49 94.5400,100.0600,183.3100,168.0100,49 185.3500,76.5900,261.4600,132.8000,49 422.8900,10.5600,472.5000,65.6900,49 371.4900,14.0900,422.8300,65.4400,49 46.9900,102.6000,98.6600,175.8800,49 72.7000,78.5500,118.2900,135.7700,49 89.2600,138.0100,148.3200,190.6800,49 142.0400,161.3400,186.9400,199.2800,49 141.9300,132.8700,206.5600,196.3000,49 494.2100,34.8200,509.0300,46.7400,21 257.5500,76.7300,450.5600,344.6400,49 471.2300,9.9600,529.8600,63.0500,49 147.4100,107.3300,161.6000,126.0700,26 0.3300,123.5700,64.1000,224.8500,49 1.0000,0.0000,639.0000,303.0000,49
/mnt/ai_models/coco2014/train2014/COCO_train2014_000000171967.jpg 602.2000,205.8400,619.3700,220.7200,62 208.2800,173.8400,307.4400,190.6100,4 140.8900,240.1100,175.6100,284.0700,5 1.0100,175.0600,175.5700,346.5900,49 94.5400,100.0600,183.3100,168.0100,49 185.3500,76.5900,261.4600,132.8000,49 422.8900,10.5600,472.5000,65.6900,49 371.4900,14.0900,422.8300,65.4400,49 46.9900,102.6000,98.6600,175.8800,49 72.7000,78.5500,118.2900,135.7700,49 89.2600,138.0100,148.3200,190.6800,49 142.0400,161.3400,186.9400,199.2800,49 141.9300,132.8700,206.5600,196.3000,49 494.2100,34.8200,509.0300,46.7400,21 257.5500,76.7300,450.5600,344.6400,49 471.2300,9.9600,529.8600,63.0500,49 147.4100,107.3300,161.6000,126.0700,26 0.3300,123.5700,64.1000,224.8500,49 1.0000,0.0000,639.0000,303.0000,49
/mnt/ai_models/coco2014/train2014/COCO_train2014_000000171967.jpg 602.2000,205.8400,619.3700,220.7200,62 208.2800,173.8400,307.4400,190.6100,4 140.8900,240.1100,175.6100,284.0700,5 1.0100,175.0600,175.5700,346.5900,49 94.5400,100.0600,183.3100,168.0100,49 185.3500,76.5900,261.4600,132.8000,49 422.8900,10.5600,472.5000,65.6900,49 371.4900,14.0900,422.8300,65.4400,49 46.9900,102.6000,98.6600,175.8800,49 72.7000,78.5500,118.2900,135.7700,49 89.2600,138.0100,148.3200,190.6800,49 142.0400,161.3400,186.9400,199.2800,49 141.9300,132.8700,206.5600,196.3000,49 494.2100,34.8200,509.0300,46.7400,21 257.5500,76.7300,450.5600,344.6400,49 471.2300,9.9600,529.8600,63.0500,49 147.4100,107.3300,161.6000,126.0700,26 0.3300,123.5700,64.1000,224.8500,49 1.0000,0.0000,639.0000,303.0000,49
/mnt/ai_models/coco2014/train2014/COCO_train2014_000000469661.jpg 104.9100,45.3600,556.2100,382.8500,75 191.8000,277.4300,450.1500,412.3700,20 374.5300,1.0800,398.2100,46.2800,12 18.3800,317.8400,28.1100,364.3200,12 40.5900,249.2300,47.3400,304.8200,12 1.0800,95.6700,78.7400,157.1500,12 45.0700,173.6300,53.6800,230.0300,12 410.2800,17.9100,422.1500,48.1100,12 198.3000,0.1000,205.9800,45.8200,12 0.0000,0.5300,75.0400,76.5600,12 227.6100,186.7000,236.9500,211.2800,49 272.7400,217.9200,286.2900,248.5700,49 301.1800,218.5600,314.0100,247.6400,49 373.0100,279.6100,385.7700,312.2700,49 414.7100,178.5300,424.8700,203.3500,49 436.4800,156.8000,448.7900,179.6600,49 144.1500,214.7500,156.9600,247.3600,49 254.0900,285.0000,267.9200,301.4200,49 20.6600,240.7500,33.6200,306.4200,12 44.1500,249.5200,59.9500,305.1900,12 34.7100,249.4400,43.6900,306.1200,12 67.3700,172.0200,73.5800,210.5100,12 281.5700,115.8700,290.1400,135.3000,49 215.0400,138.4900,221.5200,152.9300,49 56.5600,170.7600,66.5300,232.2300,12 0.0000,157.0000,53.0000,391.0000,12
/mnt/ai_models/coco2014/train2014/COCO_train2014_000000180205.jpg 439.1900,290.9600,499.1600,366.1300,22 186.2400,144.3800,404.3600,370.8900,49 196.4100,265.5500,239.0000,303.2000,49 155.5600,278.3500,195.0500,324.9000,49 144.7200,277.7400,151.3600,283.9200,49 139.3100,284.5500,145.6600,293.0700,49 75.1400,266.0800,87.9800,296.4400,49 105.9400,273.5300,116.1100,289.4200,49 223.3100,340.4500,284.8300,370.7900,22 97.7500,353.0900,211.5200,369.1000,22 0.5400,250.9300,66.5600,375.0000,49 184.8800,265.7100,196.0100,282.9800,49 71.6000,249.4200,81.6700,279.3000,49 112.7700,281.4100,130.6700,296.3300,49 431.5700,239.2900,496.3200,320.5400,49 140.0400,222.7100,148.2500,243.3500,49 17.0000,93.0000,499.0000,302.0000,49
/mnt/ai_models/coco2014/train2014/COCO_train2014_000000572765.jpg 518.2900,196.1100,562.3800,217.0300,18 57.0300,252.4300,159.4800,411.9100,11 0.0000,266.9100,60.2700,307.3100,11 372.8300,311.5700,523.8700,379.1700,11 307.3000,245.3300,370.0800,278.4600,11 273.3900,177.8900,311.4100,267.5400,11 228.7200,205.2200,273.0500,238.5500,11 297.6200,330.5000,347.1200,384.2300,11 225.1500,283.7200,289.1000,323.1900,11 125.6000,136.5800,140.9600,152.6500,18 187.5100,199.6500,217.5600,217.8900,18 152.7000,129.1200,172.2000,138.3000,18 305.2400,224.0500,343.2900,247.6800,18 421.8000,135.1100,440.2800,145.2000,18 389.7300,290.4500,443.6000,321.0800,11 398.7300,245.3000,468.4100,272.9400,11 39.5600,243.0000,125.2900,274.9800,11 538.4000,322.3100,639.5900,366.8600,11 423.7400,156.5600,434.0200,172.4800,65 381.8700,151.6800,391.6600,167.1100,65 371.4800,147.6200,385.2900,165.1500,65 415.8700,153.7300,426.9800,170.6300,65 441.6200,155.5600,452.2400,174.1600,65 0.4300,191.2300,36.1000,210.0200,18 429.9800,138.8100,454.5600,148.6600,18 400.3300,120.6900,421.2400,131.9900,18 342.0600,224.0800,395.2300,257.8900,11
/mnt/ai_models/coco2014/train2014/COCO_train2014_000000180205.jpg 439.1900,290.9600,499.1600,366.1300,22 186.2400,144.3800,404.3600,370.8900,49 196.4100,265.5500,239.0000,303.2000,49 155.5600,278.3500,195.0500,324.9000,49 144.7200,277.7400,151.3600,283.9200,49 139.3100,284.5500,145.6600,293.0700,49 75.1400,266.0800,87.9800,296.4400,49 105.9400,273.5300,116.1100,289.4200,49 223.3100,340.4500,284.8300,370.7900,22 97.7500,353.0900,211.5200,369.1000,22 0.5400,250.9300,66.5600,375.0000,49 184.8800,265.7100,196.0100,282.9800,49 71.6000,249.4200,81.6700,279.3000,49 112.7700,281.4100,130.6700,296.3300,49 431.5700,239.2900,496.3200,320.5400,49 140.0400,222.7100,148.2500,243.3500,49 17.0000,93.0000,499.0000,302.0000,49
/mnt/ai_models/coco2014/train2014/COCO_train2014_000000572765.jpg 518.2900,196.1100,562.3800,217.0300,18 57.0300,252.4300,159.4800,411.9100,11 0.0000,266.9100,60.2700,307.3100,11 372.8300,311.5700,523.8700,379.1700,11 307.3000,245.3300,370.0800,278.4600,11 273.3900,177.8900,311.4100,267.5400,11 228.7200,205.2200,273.0500,238.5500,11 297.6200,330.5000,347.1200,384.2300,11 225.1500,283.7200,289.1000,323.1900,11 125.6000,136.5800,140.9600,152.6500,18 187.5100,199.6500,217.5600,217.8900,18 152.7000,129.1200,172.2000,138.3000,18 305.2400,224.0500,343.2900,247.6800,18 421.8000,135.1100,440.2800,145.2000,18 389.7300,290.4500,443.6000,321.0800,11 398.7300,245.3000,468.4100,272.9400,11 39.5600,243.0000,125.2900,274.9800,11 538.4000,322.3100,639.5900,366.8600,11 423.7400,156.5600,434.0200,172.4800,65 381.8700,151.6800,391.6600,167.1100,65 371.4800,147.6200,385.2900,165.1500,65 415.8700,153.7300,426.9800,170.6300,65 441.6200,155.5600,452.2400,174.1600,65 0.4300,191.2300,36.1000,210.0200,18 429.9800,138.8100,454.5600,148.6600,18 400.3300,120.6900,421.2400,131.9900,18 342.0600,224.0800,395.2300,257.8900,11
/mnt/ai_models/coco2014/train2014/COCO_train2014_000000180205.jpg 439.1900,290.9600,499.1600,366.1300,22 186.2400,144.3800,404.3600,370.8900,49 196.4100,265.5500,239.0000,303.2000,49 155.5600,278.3500,195.0500,324.9000,49 144.7200,277.7400,151.3600,283.9200,49 139.3100,284.5500,145.6600,293.0700,49 75.1400,266.0800,87.9800,296.4400,49 105.9400,273.5300,116.1100,289.4200,49 223.3100,340.4500,284.8300,370.7900,22 97.7500,353.0900,211.5200,369.1000,22 0.5400,250.9300,66.5600,375.0000,49 184.8800,265.7100,196.0100,282.9800,49 71.6000,249.4200,81.6700,279.3000,49 112.7700,281.4100,130.6700,296.3300,49 431.5700,239.2900,496.3200,320.5400,49 140.0400,222.7100,148.2500,243.3500,49 17.0000,93.0000,499.0000,302.0000,49
/mnt/ai_models/coco2014/train2014/COCO_train2014_000000572765.jpg 518.2900,196.1100,562.3800,217.0300,18 57.0300,252.4300,159.4800,411.9100,11 0.0000,266.9100,60.2700,307.3100,11 372.8300,311.5700,523.8700,379.1700,11 307.3000,245.3300,370.0800,278.4600,11 273.3900,177.8900,311.4100,267.5400,11 228.7200,205.2200,273.0500,238.5500,11 297.6200,330.5000,347.1200,384.2300,11 225.1500,283.7200,289.1000,323.1900,11 125.6000,136.5800,140.9600,152.6500,18 187.5100,199.6500,217.5600,217.8900,18 152.7000,129.1200,172.2000,138.3000,18 305.2400,224.0500,343.2900,247.6800,18 421.8000,135.1100,440.2800,145.2000,18 389.7300,290.4500,443.6000,321.0800,11 398.7300,245.3000,468.4100,272.9400,11 39.5600,243.0000,125.2900,274.9800,11 538.4000,322.3100,639.5900,366.8600,11 423.7400,156.5600,434.0200,172.4800,65 381.8700,151.6800,391.6600,167.1100,65 371.4800,147.6200,385.2900,165.1500,65 415.8700,153.7300,426.9800,170.6300,65 441.6200,155.5600,452.2400,174.1600,65 0.4300,191.2300,36.1000,210.0200,18 429.9800,138.8100,454.5600,148.6600,18 400.3300,120.6900,421.2400,131.9900,18 342.0600,224.0800,395.2300,257.8900,11
/mnt/ai_models/coco2014/train2014/COCO_train2014_000000180205.jpg 439.1900,290.9600,499.1600,366.1300,22 186.2400,144.3800,404.3600,370.8900,49 196.4100,265.5500,239.0000,303.2000,49 155.5600,278.3500,195.0500,324.9000,49 144.7200,277.7400,151.3600,283.9200,49 139.3100,284.5500,145.6600,293.0700,49 75.1400,266.0800,87.9800,296.4400,49 105.9400,273.5300,116.1100,289.4200,49 223.3100,340.4500,284.8300,370.7900,22 97.7500,353.0900,211.5200,369.1000,22 0.5400,250.9300,66.5600,375.0000,49 184.8800,265.7100,196.0100,282.9800,49 71.6000,249.4200,81.6700,279.3000,49 112.7700,281.4100,130.6700,296.3300,49 431.5700,239.2900,496.3200,320.5400,49 140.0400,222.7100,148.2500,243.3500,49 17.0000,93.0000,499.0000,302.0000,49
/mnt/ai_models/coco2014/train2014/COCO_train2014_000000572765.jpg 518.2900,196.1100,562.3800,217.0300,18 57.0300,252.4300,159.4800,411.9100,11 0.0000,266.9100,60.2700,307.3100,11 372.8300,311.5700,523.8700,379.1700,11 307.3000,245.3300,370.0800,278.4600,11 273.3900,177.8900,311.4100,267.5400,11 228.7200,205.2200,273.0500,238.5500,11 297.6200,330.5000,347.1200,384.2300,11 225.1500,283.7200,289.1000,323.1900,11 125.6000,136.5800,140.9600,152.6500,18 187.5100,199.6500,217.5600,217.8900,18 152.7000,129.1200,172.2000,138.3000,18 305.2400,224.0500,343.2900,247.6800,18 421.8000,135.1100,440.2800,145.2000,18 389.7300,290.4500,443.6000,321.0800,11 398.7300,245.3000,468.4100,272.9400,11 39.5600,243.0000,125.2900,274.9800,11 538.4000,322.3100,639.5900,366.8600,11 423.7400,156.5600,434.0200,172.4800,65 381.8700,151.6800,391.6600,167.1100,65 371.4800,147.6200,385.2900,165.1500,65 415.8700,153.7300,426.9800,170.6300,65 441.6200,155.5600,452.2400,174.1600,65 0.4300,191.2300,36.1000,210.0200,18 429.9800,138.8100,454.5600,148.6600,18 400.3300,120.6900,421.2400,131.9900,18 342.0600,224.0800,395.2300,257.8900,11
/mnt/ai_models/coco2014/train2014/COCO_train2014_000000180205.jpg 439.1900,290.9600,499.1600,366.1300,22 186.2400,144.3800,404.3600,370.8900,49 196.4100,265.5500,239.0000,303.2000,49 155.5600,278.3500,195.0500,324.9000,49 144.7200,277.7400,151.3600,283.9200,49 139.3100,284.5500,145.6600,293.0700,49 75.1400,266.0800,87.9800,296.4400,49 105.9400,273.5300,116.1100,289.4200,49 223.3100,340.4500,284.8300,370.7900,22 97.7500,353.0900,211.5200,369.1000,22 0.5400,250.9300,66.5600,375.0000,49 184.8800,265.7100,196.0100,282.9800,49 71.6000,249.4200,81.6700,279.3000,49 112.7700,281.4100,130.6700,296.3300,49 431.5700,239.2900,496.3200,320.5400,49 140.0400,222.7100,148.2500,243.3500,49 17.0000,93.0000,499.0000,302.0000,49
/mnt/ai_models/coco2014/train2014/COCO_train2014_000000180205.jpg 439.1900,290.9600,499.1600,366.1300,22 186.2400,144.3800,404.3600,370.8900,49 196.4100,265.5500,239.0000,303.2000,49 155.5600,278.3500,195.0500,324.9000,49 144.7200,277.7400,151.3600,283.9200,49 139.3100,284.5500,145.6600,293.0700,49 75.1400,266.0800,87.9800,296.4400,49 105.9400,273.5300,116.1100,289.4200,49 223.3100,340.4500,284.8300,370.7900,22 97.7500,353.0900,211.5200,369.1000,22 0.5400,250.9300,66.5600,375.0000,49 184.8800,265.7100,196.0100,282.9800,49 71.6000,249.4200,81.6700,279.3000,49 112.7700,281.4100,130.6700,296.3300,49 431.5700,239.2900,496.3200,320.5400,49 140.0400,222.7100,148.2500,243.3500,49 17.0000,93.0000,499.0000,302.0000,49
/mnt/ai_models/coco2014/train2014/COCO_train2014_000000572765.jpg 518.2900,196.1100,562.3800,217.0300,18 57.0300,252.4300,159.4800,411.9100,11 0.0000,266.9100,60.2700,307.3100,11 372.8300,311.5700,523.8700,379.1700,11 307.3000,245.3300,370.0800,278.4600,11 273.3900,177.8900,311.4100,267.5400,11 228.7200,205.2200,273.0500,238.5500,11 297.6200,330.5000,347.1200,384.2300,11 225.1500,283.7200,289.1000,323.1900,11 125.6000,136.5800,140.9600,152.6500,18 187.5100,199.6500,217.5600,217.8900,18 152.7000,129.1200,172.2000,138.3000,18 305.2400,224.0500,343.2900,247.6800,18 421.8000,135.1100,440.2800,145.2000,18 389.7300,290.4500,443.6000,321.0800,11 398.7300,245.3000,468.4100,272.9400,11 39.5600,243.0000,125.2900,274.9800,11 538.4000,322.3100,639.5900,366.8600,11 423.7400,156.5600,434.0200,172.4800,65 381.8700,151.6800,391.6600,167.1100,65 371.4800,147.6200,385.2900,165.1500,65 415.8700,153.7300,426.9800,170.6300,65 441.6200,155.5600,452.2400,174.1600,65 0.4300,191.2300,36.1000,210.0200,18 429.9800,138.8100,454.5600,148.6600,18 400.3300,120.6900,421.2400,131.9900,18 342.0600,224.0800,395.2300,257.8900,11
/mnt/ai_models/coco2014/train2014/COCO_train2014_000000298162.jpg 120.1800,474.7900,176.6100,499.6100,18 163.9300,474.5400,208.8300,496.9900,18 1.6300,457.6800,37.1500,486.3100,18 33.7800,469.2400,119.2700,498.1500,18 262.3900,488.8500,272.7900,500.0800,18 0.0000,465.8100,22.0100,491.6000,18 145.9100,399.8200,319.2800,632.4200,49 136.7500,58.9900,312.7900,324.5500,40 262.2100,485.1000,294.5400,501.4700,18 113.8600,478.1700,129.3500,493.5100,18 184.3600,475.3100,213.4500,500.3500,18
/mnt/ai_models/coco2014/train2014/COCO_train2014_000000180205.jpg 439.1900,290.9600,499.1600,366.1300,22 186.2400,144.3800,404.3600,370.8900,49 196.4100,265.5500,239.0000,303.2000,49 155.5600,278.3500,195.0500,324.9000,49 144.7200,277.7400,151.3600,283.9200,49 139.3100,284.5500,145.6600,293.0700,49 75.1400,266.0800,87.9800,296.4400,49 105.9400,273.5300,116.1100,289.4200,49 223.3100,340.4500,284.8300,370.7900,22 97.7500,353.0900,211.5200,369.1000,22 0.5400,250.9300,66.5600,375.0000,49 184.8800,265.7100,196.0100,282.9800,49 71.6000,249.4200,81.6700,279.3000,49 112.7700,281.4100,130.6700,296.3300,49 431.5700,239.2900,496.3200,320.5400,49 140.0400,222.7100,148.2500,243.3500,49 17.0000,93.0000,499.0000,302.0000,49
/mnt/ai_models/coco2014/train2014/COCO_train2014_000000298162.jpg 120.1800,474.7900,176.6100,499.6100,18 163.9300,474.5400,208.8300,496.9900,18 1.6300,457.6800,37.1500,486.3100,18 33.7800,469.2400,119.2700,498.1500,18 262.3900,488.8500,272.7900,500.0800,18 0.0000,465.8100,22.0100,491.6000,18 145.9100,399.8200,319.2800,632.4200,49 136.7500,58.9900,312.7900,324.5500,40 262.2100,485.1000,294.5400,501.4700,18 113.8600,478.1700,129.3500,493.5100,18 184.3600,475.3100,213.4500,500.3500,18
/mnt/ai_models/coco2014/train2014/COCO_train2014_000000298162.jpg 120.1800,474.7900,176.6100,499.6100,18 163.9300,474.5400,208.8300,496.9900,18 1.6300,457.6800,37.1500,486.3100,18 33.7800,469.2400,119.2700,498.1500,18 262.3900,488.8500,272.7900,500.0800,18 0.0000,465.8100,22.0100,491.6000,18 145.9100,399.8200,319.2800,632.4200,49 136.7500,58.9900,312.7900,324.5500,40 262.2100,485.1000,294.5400,501.4700,18 113.8600,478.1700,129.3500,493.5100,18 184.3600,475.3100,213.4500,500.3500,18
/mnt/ai_models/coco2014/train2014/COCO_train2014_000000297880.jpg 549.4100,315.9300,601.5200,418.3200,22 490.4900,177.1700,594.9400,277.5800,27 142.3000,69.4200,375.8300,420.6100,49 112.7100,28.2700,573.0900,417.9800,49 0.3700,206.5300,31.7100,242.8200,22 340.3900,152.9900,393.1700,194.7100,68 404.9300,312.6100,453.1500,369.1500,26 63.7500,253.7800,76.7100,280.6300,77 214.6700,405.6400,282.1000,426.0000,36 0.0000,360.5900,111.0600,426.0000,22 537.5900,277.1700,608.1800,361.4300,27
/mnt/ai_models/coco2014/train2014/COCO_train2014_000000297880.jpg 549.4100,315.9300,601.5200,418.3200,22 490.4900,177.1700,594.9400,277.5800,27 142.3000,69.4200,375.8300,420.6100,49 112.7100,28.2700,573.0900,417.9800,49 0.3700,206.5300,31.7100,242.8200,22 340.3900,152.9900,393.1700,194.7100,68 404.9300,312.6100,453.1500,369.1500,26 63.7500,253.7800,76.7100,280.6300,77 214.6700,405.6400,282.1000,426.0000,36 0.0000,360.5900,111.0600,426.0000,22 537.5900,277.1700,608.1800,361.4300,27
/mnt/ai_models/coco2014/train2014/COCO_train2014_000000297880.jpg 549.4100,315.9300,601.5200,418.3200,22 490.4900,177.1700,594.9400,277.5800,27 142.3000,69.4200,375.8300,420.6100,49 112.7100,28.2700,573.0900,417.9800,49 0.3700,206.5300,31.7100,242.8200,22 340.3900,152.9900,393.1700,194.7100,68 404.9300,312.6100,453.1500,369.1500,26 63.7500,253.7800,76.7100,280.6300,77 214.6700,405.6400,282.1000,426.0000,36 0.0000,360.5900,111.0600,426.0000,22 537.5900,277.1700,608.1800,361.4300,27
/mnt/ai_models/coco2014/train2014/COCO_train2014_000000297880.jpg 549.4100,315.9300,601.5200,418.3200,22 490.4900,177.1700,594.9400,277.5800,27 142.3000,69.4200,375.8300,420.6100,49 112.7100,28.2700,573.0900,417.9800,49 0.3700,206.5300,31.7100,242.8200,22 340.3900,152.9900,393.1700,194.7100,68 404.9300,312.6100,453.1500,369.1500,26 63.7500,253.7800,76.7100,280.6300,77 214.6700,405.6400,282.1000,426.0000,36 0.0000,360.5900,111.0600,426.0000,22 537.5900,277.1700,608.1800,361.4300,27
/mnt/ai_models/coco2014/train2014/COCO_train2014_000000203236.jpg 10.8100,250.2700,640.0000,475.1400,11 203.7800,131.5900,393.9700,351.1700,49 53.8200,392.3400,229.4300,480.0000,22 452.5000,414.3800,625.0000,474.3800,22 416.2500,309.3800,552.5000,468.1300,22 283.5200,310.4700,419.0700,416.1700,22 153.0500,298.7500,285.5000,454.2000,22
/mnt/ai_models/coco2014/train2014/COCO_train2014_000000203236.jpg 10.8100,250.2700,640.0000,475.1400,11 203.7800,131.5900,393.9700,351.1700,49 53.8200,392.3400,229.4300,480.0000,22 452.5000,414.3800,625.0000,474.3800,22 416.2500,309.3800,552.5000,468.1300,22 283.5200,310.4700,419.0700,416.1700,22 153.0500,298.7500,285.5000,454.2000,22
/mnt/ai_models/coco2014/train2014/COCO_train2014_000000203236.jpg 10.8100,250.2700,640.0000,475.1400,11 203.7800,131.5900,393.9700,351.1700,49 53.8200,392.3400,229.4300,480.0000,22 452.5000,414.3800,625.0000,474.3800,22 416.2500,309.3800,552.5000,468.1300,22 283.5200,310.4700,419.0700,416.1700,22 153.0500,298.7500,285.5000,454.2000,22
/mnt/ai_models/coco2014/train2014/COCO_train2014_000000203236.jpg 10.8100,250.2700,640.0000,475.1400,11 203.7800,131.5900,393.9700,351.1700,49 53.8200,392.3400,229.4300,480.0000,22 452.5000,414.3800,625.0000,474.3800,22 416.2500,309.3800,552.5000,468.1300,22 283.5200,310.4700,419.0700,416.1700,22 153.0500,298.7500,285.5000,454.2000,22
/mnt/ai_models/coco2014/train2014/COCO_train2014_000000203236.jpg 10.8100,250.2700,640.0000,475.1400,11 203.7800,131.5900,393.9700,351.1700,49 53.8200,392.3400,229.4300,480.0000,22 452.5000,414.3800,625.0000,474.3800,22 416.2500,309.3800,552.5000,468.1300,22 283.5200,310.4700,419.0700,416.1700,22 153.0500,298.7500,285.5000,454.2000,22
/mnt/ai_models/coco2014/train2014/COCO_train2014_000000203236.jpg 10.8100,250.2700,640.0000,475.1400,11 203.7800,131.5900,393.9700,351.1700,49 53.8200,392.3400,229.4300,480.0000,22 452.5000,414.3800,625.0000,474.3800,22 416.2500,309.3800,552.5000,468.1300,22 283.5200,310.4700,419.0700,416.1700,22 153.0500,298.7500,285.5000,454.2000,22
/mnt/ai_models/coco2014/train2014/COCO_train2014_000000203236.jpg 10.8100,250.2700,640.0000,475.1400,11 203.7800,131.5900,393.9700,351.1700,49 53.8200,392.3400,229.4300,480.0000,22 452.5000,414.3800,625.0000,474.3800,22 416.2500,309.3800,552.5000,468.1300,22 283.5200,310.4700,419.0700,416.1700,22 153.0500,298.7500,285.5000,454.2000,22
/mnt/ai_models/coco2014/train2014/COCO_train2014_000000203236.jpg 10.8100,250.2700,640.0000,475.1400,11 203.7800,131.5900,393.9700,351.1700,49 53.8200,392.3400,229.4300,480.0000,22 452.5000,414.3800,625.0000,474.3800,22 416.2500,309.3800,552.5000,468.1300,22 283.5200,310.4700,419.0700,416.1700,22 153.0500,298.7500,285.5000,454.2000,22
/mnt/ai_models/coco2014/train2014/COCO_train2014_000000572765.jpg 518.2900,196.1100,562.3800,217.0300,18 57.0300,252.4300,159.4800,411.9100,11 0.0000,266.9100,60.2700,307.3100,11 372.8300,311.5700,523.8700,379.1700,11 307.3000,245.3300,370.0800,278.4600,11 273.3900,177.8900,311.4100,267.5400,11 228.7200,205.2200,273.0500,238.5500,11 297.6200,330.5000,347.1200,384.2300,11 225.1500,283.7200,289.1000,323.1900,11 125.6000,136.5800,140.9600,152.6500,18 187.5100,199.6500,217.5600,217.8900,18 152.7000,129.1200,172.2000,138.3000,18 305.2400,224.0500,343.2900,247.6800,18 421.8000,135.1100,440.2800,145.2000,18 389.7300,290.4500,443.6000,321.0800,11 398.7300,245.3000,468.4100,272.9400,11 39.5600,243.0000,125.2900,274.9800,11 538.4000,322.3100,639.5900,366.8600,11 423.7400,156.5600,434.0200,172.4800,65 381.8700,151.6800,391.6600,167.1100,65 371.4800,147.6200,385.2900,165.1500,65 415.8700,153.7300,426.9800,170.6300,65 441.6200,155.5600,452.2400,174.1600,65 0.4300,191.2300,36.1000,210.0200,18 429.9800,138.8100,454.5600,148.6600,18 400.3300,120.6900,421.2400,131.9900,18 342.0600,224.0800,395.2300,257.8900,11
/mnt/ai_models/coco2014/train2014/COCO_train2014_000000203236.jpg 10.8100,250.2700,640.0000,475.1400,11 203.7800,131.5900,393.9700,351.1700,49 53.8200,392.3400,229.4300,480.0000,22 452.5000,414.3800,625.0000,474.3800,22 416.2500,309.3800,552.5000,468.1300,22 283.5200,310.4700,419.0700,416.1700,22 153.0500,298.7500,285.5000,454.2000,22
/mnt/ai_models/coco2014/train2014/COCO_train2014_000000203236.jpg 10.8100,250.2700,640.0000,475.1400,11 203.7800,131.5900,393.9700,351.1700,49 53.8200,392.3400,229.4300,480.0000,22 452.5000,414.3800,625.0000,474.3800,22 416.2500,309.3800,552.5000,468.1300,22 283.5200,310.4700,419.0700,416.1700,22 153.0500,298.7500,285.5000,454.2000,22
/mnt/ai_models/coco2014/train2014/COCO_train2014_000000203236.jpg 10.8100,250.2700,640.0000,475.1400,11 203.7800,131.5900,393.9700,351.1700,49 53.8200,392.3400,229.4300,480.0000,22 452.5000,414.3800,625.0000,474.3800,22 416.2500,309.3800,552.5000,468.1300,22 283.5200,310.4700,419.0700,416.1700,22 153.0500,298.7500,285.5000,454.2000,22
/mnt/ai_models/coco2014/train2014/COCO_train2014_000000126699.jpg 335.3900,2.2700,500.0000,86.5400,18 341.2900,0.8400,500.0000,91.8500,74 111.2400,41.2700,193.4000,240.2800,48 47.1900,51.9900,120.5100,237.3800,48 173.8400,6.5500,195.3800,51.0100,49 195.5000,8.6400,210.5100,50.4700,49 334.4600,14.9300,414.4100,61.5900,18 345.8100,11.9900,353.2900,25.0200,48 195.6600,15.6800,201.2300,33.5000,36 187.3500,13.3100,192.4400,26.5100,36 331.7400,174.4700,352.0300,188.9900,26 235.3600,165.0500,252.5300,180.0600,26 212.6600,27.8500,222.5300,38.8800,18
/mnt/ai_models/coco2014/train2014/COCO_train2014_000000203236.jpg 10.8100,250.2700,640.0000,475.1400,11 203.7800,131.5900,393.9700,351.1700,49 53.8200,392.3400,229.4300,480.0000,22 452.5000,414.3800,625.0000,474.3800,22 416.2500,309.3800,552.5000,468.1300,22 283.5200,310.4700,419.0700,416.1700,22 153.0500,298.7500,285.5000,454.2000,22
/mnt/ai_models/coco2014/train2014/COCO_train2014_000000126699.jpg 335.3900,2.2700,500.0000,86.5400,18 341.2900,0.8400,500.0000,91.8500,74 111.2400,41.2700,193.4000,240.2800,48 47.1900,51.9900,120.5100,237.3800,48 173.8400,6.5500,195.3800,51.0100,49 195.5000,8.6400,210.5100,50.4700,49 334.4600,14.9300,414.4100,61.5900,18 345.8100,11.9900,353.2900,25.0200,48 195.6600,15.6800,201.2300,33.5000,36 187.3500,13.3100,192.4400,26.5100,36 331.7400,174.4700,352.0300,188.9900,26 235.3600,165.0500,252.5300,180.0600,26 212.6600,27.8500,222.5300,38.8800,18
/mnt/ai_models/coco2014/train2014/COCO_train2014_000000126699.jpg 335.3900,2.2700,500.0000,86.5400,18 341.2900,0.8400,500.0000,91.8500,74 111.2400,41.2700,193.4000,240.2800,48 47.1900,51.9900,120.5100,237.3800,48 173.8400,6.5500,195.3800,51.0100,49 195.5000,8.6400,210.5100,50.4700,49 334.4600,14.9300,414.4100,61.5900,18 345.8100,11.9900,353.2900,25.0200,48 195.6600,15.6800,201.2300,33.5000,36 187.3500,13.3100,192.4400,26.5100,36 331.7400,174.4700,352.0300,188.9900,26 235.3600,165.0500,252.5300,180.0600,26 212.6600,27.8500,222.5300,38.8800,18
/mnt/ai_models/coco2014/train2014/COCO_train2014_000000486123.jpg 92.7600,363.1800,206.0200,434.3700,18 245.4500,374.5900,277.4100,397.3700,18 296.0000,365.7100,335.0700,401.1600,18 203.8700,149.6800,221.0600,193.2000,72 448.0900,268.6000,468.4100,311.4100,72 442.6600,353.7800,462.9000,417.2300,49 63.5100,128.1200,84.4500,168.3000,72 382.3900,382.2400,390.6300,398.4700,31 342.5100,372.5200,349.6800,379.0300,18 507.7200,364.6300,537.4900,373.4700,18 462.9500,370.2600,470.7800,374.3500,18
/mnt/ai_models/coco2014/train2014/COCO_train2014_000000486123.jpg 92.7600,363.1800,206.0200,434.3700,18 245.4500,374.5900,277.4100,397.3700,18 296.0000,365.7100,335.0700,401.1600,18 203.8700,149.6800,221.0600,193.2000,72 448.0900,268.6000,468.4100,311.4100,72 442.6600,353.7800,462.9000,417.2300,49 63.5100,128.1200,84.4500,168.3000,72 382.3900,382.2400,390.6300,398.4700,31 342.5100,372.5200,349.6800,379.0300,18 507.7200,364.6300,537.4900,373.4700,18 462.9500,370.2600,470.7800,374.3500,18
/mnt/ai_models/coco2014/train2014/COCO_train2014_000000135577.jpg 25.2900,0.0000,144.2600,101.8000,51 131.8000,140.8700,301.0500,206.1800,20 100.6500,158.2800,276.1300,232.2600,20 281.0300,242.2400,456.9000,328.4500,20 93.9700,23.7100,500.0000,396.1200,24 97.5100,332.2700,141.8000,400.0000,26 49.5500,301.6900,119.5800,345.1100,53 151.7600,343.4900,184.3500,388.7100,26 0.0000,253.7600,96.5100,308.3600,12 89.1100,87.5800,130.9000,107.9800,12 17.6200,175.5400,106.9100,257.8100,36
/mnt/ai_models/coco2014/train2014/COCO_train2014_000000126699.jpg 335.3900,2.2700,500.0000,86.5400,18 341.2900,0.8400,500.0000,91.8500,74 111.2400,41.2700,193.4000,240.2800,48 47.1900,51.9900,120.5100,237.3800,48 173.8400,6.5500,195.3800,51.0100,49 195.5000,8.6400,210.5100,50.4700,49 334.4600,14.9300,414.4100,61.5900,18 345.8100,11.9900,353.2900,25.0200,48 195.6600,15.6800,201.2300,33.5000,36 187.3500,13.3100,192.4400,26.5100,36 331.7400,174.4700,352.0300,188.9900,26 235.3600,165.0500,252.5300,180.0600,26 212.6600,27.8500,222.5300,38.8800,18
/mnt/ai_models/coco2014/train2014/COCO_train2014_000000135577.jpg 25.2900,0.0000,144.2600,101.8000,51 131.8000,140.8700,301.0500,206.1800,20 100.6500,158.2800,276.1300,232.2600,20 281.0300,242.2400,456.9000,328.4500,20 93.9700,23.7100,500.0000,396.1200,24 97.5100,332.2700,141.8000,400.0000,26 49.5500,301.6900,119.5800,345.1100,53 151.7600,343.4900,184.3500,388.7100,26 0.0000,253.7600,96.5100,308.3600,12 89.1100,87.5800,130.9000,107.9800,12 17.6200,175.5400,106.9100,257.8100,36
/mnt/ai_models/coco2014/train2014/COCO_train2014_000000486123.jpg 92.7600,363.1800,206.0200,434.3700,18 245.4500,374.5900,277.4100,397.3700,18 296.0000,365.7100,335.0700,401.1600,18 203.8700,149.6800,221.0600,193.2000,72 448.0900,268.6000,468.4100,311.4100,72 442.6600,353.7800,462.9000,417.2300,49 63.5100,128.1200,84.4500,168.3000,72 382.3900,382.2400,390.6300,398.4700,31 342.5100,372.5200,349.6800,379.0300,18 507.7200,364.6300,537.4900,373.4700,18 462.9500,370.2600,470.7800,374.3500,18
/mnt/ai_models/coco2014/train2014/COCO_train2014_000000119669.jpg 81.1300,177.0600,118.2400,202.1200,37 119.7400,179.6100,168.2600,202.3200,37 430.8300,194.7000,543.2500,318.4200,25 293.5700,202.1800,432.6700,329.6900,25 134.2300,228.8300,296.3800,371.6500,25 228.4900,183.6500,301.7700,243.3400,25 230.5400,166.6500,318.4300,209.6300,25
/mnt/ai_models/coco2014/train2014/COCO_train2014_000000058105.jpg 86.7100,158.0000,435.6100,338.6500,24 404.6200,268.0100,456.0800,371.6500,22 136.4800,183.3500,254.3300,355.1900,22 450.6100,0.0000,574.6900,476.7300,49 127.4400,100.7800,254.4900,234.9700,22
/mnt/ai_models/coco2014/train2014/COCO_train2014_000000058105.jpg 86.7100,158.0000,435.6100,338.6500,24 404.6200,268.0100,456.0800,371.6500,22 136.4800,183.3500,254.3300,355.1900,22 450.6100,0.0000,574.6900,476.7300,49 127.4400,100.7800,254.4900,234.9700,22
/mnt/ai_models/coco2014/train2014/COCO_train2014_000000119669.jpg 81.1300,177.0600,118.2400,202.1200,37 119.7400,179.6100,168.2600,202.3200,37 430.8300,194.7000,543.2500,318.4200,25 293.5700,202.1800,432.6700,329.6900,25 134.2300,228.8300,296.3800,371.6500,25 228.4900,183.6500,301.7700,243.3400,25 230.5400,166.6500,318.4300,209.6300,25
/mnt/ai_models/coco2014/train2014/COCO_train2014_000000164168.jpg 142.1100,237.1000,173.5400,262.5500,56 113.0900,236.9800,136.5400,268.2600,56 53.6400,235.5300,77.3600,270.9400,56 78.8500,224.6400,110.1700,246.9400,56 359.2100,235.1900,389.4000,270.5100,56 407.1200,234.4300,447.5400,258.3800,56 446.5400,221.2200,475.8500,249.6000,56 506.2200,219.2800,539.1300,255.2300,56 22.4000,209.1100,42.7700,221.9000,56 19.4400,229.7200,51.6000,262.7100,56 569.1400,224.6600,590.7500,255.0500,56 42.0500,224.0900,63.2800,238.8200,56 569.0500,225.1200,592.9100,255.0500,25
/mnt/ai_models/coco2014/train2014/COCO_train2014_000000164168.jpg 142.1100,237.1000,173.5400,262.5500,56 113.0900,236.9800,136.5400,268.2600,56 53.6400,235.5300,77.3600,270.9400,56 78.8500,224.6400,110.1700,246.9400,56 359.2100,235.1900,389.4000,270.5100,56 407.1200,234.4300,447.5400,258.3800,56 446.5400,221.2200,475.8500,249.6000,56 506.2200,219.2800,539.1300,255.2300,56 22.4000,209.1100,42.7700,221.9000,56 19.4400,229.7200,51.6000,262.7100,56 569.1400,224.6600,590.7500,255.0500,56 42.0500,224.0900,63.2800,238.8200,56 569.0500,225.1200,592.9100,255.0500,25
/mnt/ai_models/coco2014/train2014/COCO_train2014_000000058105.jpg 86.7100,158.0000,435.6100,338.6500,24 404.6200,268.0100,456.0800,371.6500,22 136.4800,183.3500,254.3300,355.1900,22 450.6100,0.0000,574.6900,476.7300,49 127.4400,100.7800,254.4900,234.9700,22
/mnt/ai_models/coco2014/train2014/COCO_train2014_000000058105.jpg 86.7100,158.0000,435.6100,338.6500,24 404.6200,268.0100,456.0800,371.6500,22 136.4800,183.3500,254.3300,355.1900,22 450.6100,0.0000,574.6900,476.7300,49 127.4400,100.7800,254.4900,234.9700,22
/mnt/ai_models/coco2014/train2014/COCO_train2014_000000081971.jpg 72.5200,225.1900,93.6300,294.8300,13 551.3500,411.5300,640.0000,480.0000,22 604.1600,363.2900,639.5100,417.9500,22 2.1500,333.0900,377.9900,479.1300,27 136.4700,327.6200,168.5400,394.2300,78 332.8100,263.9300,384.4000,352.1100,78 282.1500,182.5300,290.7100,205.3300,78 502.6800,232.8400,519.1300,268.8400,78 494.2800,220.2500,508.4900,247.2400,78 273.9700,122.8300,348.6200,282.4600,49 509.1200,132.6700,638.5600,422.8300,49 441.0000,122.2400,490.4900,200.8200,49 524.9100,126.7500,619.7300,251.5100,49 227.6000,126.2000,298.7900,296.6300,49 398.0500,113.2000,427.8600,155.1100,49 87.8200,123.5900,162.4500,202.7500,49 532.7400,280.5800,595.2000,355.3300,36 306.4700,184.9500,336.4300,195.7200,36 123.1500,184.3200,132.6500,204.1600,78 160.9100,219.3300,202.0100,268.1100,22 171.3300,129.7300,220.3400,293.7200,49 332.0500,147.9500,559.0600,474.3500,49 366.4300,117.5900,404.4000,204.3700,49 34.6500,129.1200,100.4200,205.1800,49 365.2300,186.7700,374.4500,209.4500,78 180.4600,182.1300,189.2100,202.9100,78 66.8600,186.9300,78.1500,208.6300,78 162.6700,146.3100,170.0000,173.0000,13 158.0600,145.3700,166.1100,172.4200,13 167.9900,146.6100,174.0600,171.7400,13 178.4200,145.1000,184.1800,158.2600,13
/mnt/ai_models/coco2014/train2014/COCO_train2014_000000081971.jpg 72.5200,225.1900,93.6300,294.8300,13 551.3500,411.5300,640.0000,480.0000,22 604.1600,363.2900,639.5100,417.9500,22 2.1500,333.0900,377.9900,479.1300,27 136.4700,327.6200,168.5400,394.2300,78 332.8100,263.9300,384.4000,352.1100,78 282.1500,182.5300,290.7100,205.3300,78 502.6800,232.8400,519.1300,268.8400,78 494.2800,220.2500,508.4900,247.2400,78 273.9700,122.8300,348.6200,282.4600,49 509.1200,132.6700,638.5600,422.8300,49 441.0000,122.2400,490.4900,200.8200,49 524.9100,126.7500,619.7300,251.5100,49 227.6000,126.2000,298.7900,296.6300,49 398.0500,113.2000,427.8600,155.1100,49 87.8200,123.5900,162.4500,202.7500,49 532.7400,280.5800,595.2000,355.3300,36 306.4700,184.9500,336.4300,195.7200,36 123.1500,184.3200,132.6500,204.1600,78 160.9100,219.3300,202.0100,268.1100,22 171.3300,129.7300,220.3400,293.7200,49 332.0500,147.9500,559.0600,474.3500,49 366.4300,117.5900,404.4000,204.3700,49 34.6500,129.1200,100.4200,205.1800,49 365.2300,186.7700,374.4500,209.4500,78 180.4600,182.1300,189.2100,202.9100,78 66.8600,186.9300,78.1500,208.6300,78 162.6700,146.3100,170.0000,173.0000,13 158.0600,145.3700,166.1100,172.4200,13 167.9900,146.6100,174.0600,171.7400,13 178.4200,145.1000,184.1800,158.2600,13
/mnt/ai_models/coco2014/train2014/COCO_train2014_000000081971.jpg 72.5200,225.1900,93.6300,294.8300,13 551.3500,411.5300,640.0000,480.0000,22 604.1600,363.2900,639.5100,417.9500,22 2.1500,333.0900,377.9900,479.1300,27 136.4700,327.6200,168.5400,394.2300,78 332.8100,263.9300,384.4000,352.1100,78 282.1500,182.5300,290.7100,205.3300,78 502.6800,232.8400,519.1300,268.8400,78 494.2800,220.2500,508.4900,247.2400,78 273.9700,122.8300,348.6200,282.4600,49 509.1200,132.6700,638.5600,422.8300,49 441.0000,122.2400,490.4900,200.8200,49 524.9100,126.7500,619.7300,251.5100,49 227.6000,126.2000,298.7900,296.6300,49 398.0500,113.2000,427.8600,155.1100,49 87.8200,123.5900,162.4500,202.7500,49 532.7400,280.5800,595.2000,355.3300,36 306.4700,184.9500,336.4300,195.7200,36 123.1500,184.3200,132.6500,204.1600,78 160.9100,219.3300,202.0100,268.1100,22 171.3300,129.7300,220.3400,293.7200,49 332.0500,147.9500,559.0600,474.3500,49 366.4300,117.5900,404.4000,204.3700,49 34.6500,129.1200,100.4200,205.1800,49 365.2300,186.7700,374.4500,209.4500,78 180.4600,182.1300,189.2100,202.9100,78 66.8600,186.9300,78.1500,208.6300,78 162.6700,146.3100,170.0000,173.0000,13 158.0600,145.3700,166.1100,172.4200,13 167.9900,146.6100,174.0600,171.7400,13 178.4200,145.1000,184.1800,158.2600,13
/mnt/ai_models/coco2014/train2014/COCO_train2014_000000466001.jpg 16.2400,47.8600,351.5300,327.7500,42 371.5700,57.2900,406.9900,160.0900,12 367.3300,64.5000,384.9900,160.7400,12 355.8600,48.5900,370.8200,160.9200,12 307.7400,16.1300,335.8200,45.2200,12 306.0500,21.8400,322.5100,46.6700,12 269.9300,15.1000,300.4200,45.8000,12 74.1300,214.7500,328.1900,263.6700,39 336.1000,36.0400,357.7100,160.5700,12 184.5600,0.0000,206.4000,47.4700,12 237.6900,10.5200,256.0900,45.6700,12 222.8900,27.1000,236.8800,45.4600,12 300.3200,22.9500,309.1500,46.0600,12 253.8100,9.2400,271.6700,47.1500,12
/mnt/ai_models/coco2014/train2014/COCO_train2014_000000486123.jpg 92.7600,363.1800,206.0200,434.3700,18 245.4500,374.5900,277.4100,397.3700,18 296.0000,365.7100,335.0700,401.1600,18 203.8700,149.6800,221.0600,193.2000,72 448.0900,268.6000,468.4100,311.4100,72 442.6600,353.7800,462.9000,417.2300,49 63.5100,128.1200,84.4500,168.3000,72 382.3900,382.2400,390.6300,398.4700,31 342.5100,372.5200,349.6800,379.0300,18 507.7200,364.6300,537.4900,373.4700,18 462.9500,370.2600,470.7800,374.3500,18
/mnt/ai_models/coco2014/train2014/COCO_train2014_000000361736.jpg 248.3400,0.2300,332.6600,155.0500,78 483.8900,0.0000,538.7900,115.1200,78 145.8500,151.6100,475.9400,332.0000,14 306.7400,199.5600,352.4000,241.5100,15 155.7700,13.8600,251.7400,53.8000,14 583.3300,23.6900,640.0000,71.5600,14 0.0000,13.0200,640.0000,427.0000,27 540.1300,0.0000,593.3600,115.3500,78 259.9600,251.8200,282.1100,273.9700,19 277.9700,210.4400,295.3300,220.4900,19 325.8600,251.0800,362.1700,296.9400,19 292.2800,184.7800,316.6100,204.5400,19 226.9300,209.4000,257.2900,229.1900,19 213.7100,201.9100,229.3500,216.3000,19 281.4500,178.5400,300.0700,193.3700,19 228.8900,246.6300,248.4400,266.4500,19
/mnt/ai_models/coco2014/train2014/COCO_train2014_000000361736.jpg 248.3400,0.2300,332.6600,155.0500,78 483.8900,0.0000,538.7900,115.1200,78 145.8500,151.6100,475.9400,332.0000,14 306.7400,199.5600,352.4000,241.5100,15 155.7700,13.8600,251.7400,53.8000,14 583.3300,23.6900,640.0000,71.5600,14 0.0000,13.0200,640.0000,427.0000,27 540.1300,0.0000,593.3600,115.3500,78 259.9600,251.8200,282.1100,273.9700,19 277.9700,210.4400,295.3300,220.4900,19 325.8600,251.0800,362.1700,296.9400,19 292.2800,184.7800,316.6100,204.5400,19 226.9300,209.4000,257.2900,229.1900,19 213.7100,201.9100,229.3500,216.3000,19 281.4500,178.5400,300.0700,193.3700,19 228.8900,246.6300,248.4400,266.4500,19
/mnt/ai_models/coco2014/train2014/COCO_train2014_000000361736.jpg 248.3400,0.2300,332.6600,155.0500,78 483.8900,0.0000,538.7900,115.1200,78 145.8500,151.6100,475.9400,332.0000,14 306.7400,199.5600,352.4000,241.5100,15 155.7700,13.8600,251.7400,53.8000,14 583.3300,23.6900,640.0000,71.5600,14 0.0000,13.0200,640.0000,427.0000,27 540.1300,0.0000,593.3600,115.3500,78 259.9600,251.8200,282.1100,273.9700,19 277.9700,210.4400,295.3300,220.4900,19 325.8600,251.0800,362.1700,296.9400,19 292.2800,184.7800,316.6100,204.5400,19 226.9300,209.4000,257.2900,229.1900,19 213.7100,201.9100,229.3500,216.3000,19 281.4500,178.5400,300.0700,193.3700,19 228.8900,246.6300,248.4400,266.4500,19
/mnt/ai_models/coco2014/train2014/COCO_train2014_000000164168.jpg 142.1100,237.1000,173.5400,262.5500,56 113.0900,236.9800,136.5400,268.2600,56 53.6400,235.5300,77.3600,270.9400,56 78.8500,224.6400,110.1700,246.9400,56 359.2100,235.1900,389.4000,270.5100,56 407.1200,234.4300,447.5400,258.3800,56 446.5400,221.2200,475.8500,249.6000,56 506.2200,219.2800,539.1300,255.2300,56 22.4000,209.1100,42.7700,221.9000,56 19.4400,229.7200,51.6000,262.7100,56 569.1400,224.6600,590.7500,255.0500,56 42.0500,224.0900,63.2800,238.8200,56 569.0500,225.1200,592.9100,255.0500,25
/mnt/ai_models/coco2014/train2014/COCO_train2014_000000058105.jpg 86.7100,158.0000,435.6100,338.6500,24 404.6200,268.0100,456.0800,371.6500,22 136.4800,183.3500,254.3300,355.1900,22 450.6100,0.0000,574.6900,476.7300,49 127.4400,100.7800,254.4900,234.9700,22
/mnt/ai_models/coco2014/train2014/COCO_train2014_000000058105.jpg 86.7100,158.0000,435.6100,338.6500,24 404.6200,268.0100,456.0800,371.6500,22 136.4800,183.3500,254.3300,355.1900,22 450.6100,0.0000,574.6900,476.7300,49 127.4400,100.7800,254.4900,234.9700,22
/mnt/ai_models/coco2014/train2014/COCO_train2014_000000486123.jpg 92.7600,363.1800,206.0200,434.3700,18 245.4500,374.5900,277.4100,397.3700,18 296.0000,365.7100,335.0700,401.1600,18 203.8700,149.6800,221.0600,193.2000,72 448.0900,268.6000,468.4100,311.4100,72 442.6600,353.7800,462.9000,417.2300,49 63.5100,128.1200,84.4500,168.3000,72 382.3900,382.2400,390.6300,398.4700,31 342.5100,372.5200,349.6800,379.0300,18 507.7200,364.6300,537.4900,373.4700,18 462.9500,370.2600,470.7800,374.3500,18
/mnt/ai_models/coco2014/train2014/COCO_train2014_000000361736.jpg 248.3400,0.2300,332.6600,155.0500,78 483.8900,0.0000,538.7900,115.1200,78 145.8500,151.6100,475.9400,332.0000,14 306.7400,199.5600,352.4000,241.5100,15 155.7700,13.8600,251.7400,53.8000,14 583.3300,23.6900,640.0000,71.5600,14 0.0000,13.0200,640.0000,427.0000,27 540.1300,0.0000,593.3600,115.3500,78 259.9600,251.8200,282.1100,273.9700,19 277.9700,210.4400,295.3300,220.4900,19 325.8600,251.0800,362.1700,296.9400,19 292.2800,184.7800,316.6100,204.5400,19 226.9300,209.4000,257.2900,229.1900,19 213.7100,201.9100,229.3500,216.3000,19 281.4500,178.5400,300.0700,193.3700,19 228.8900,246.6300,248.4400,266.4500,19
/mnt/ai_models/coco2014/train2014/COCO_train2014_000000058105.jpg 86.7100,158.0000,435.6100,338.6500,24 404.6200,268.0100,456.0800,371.6500,22 136.4800,183.3500,254.3300,355.1900,22 450.6100,0.0000,574.6900,476.7300,49 127.4400,100.7800,254.4900,234.9700,22
/mnt/ai_models/coco2014/train2014/COCO_train2014_000000486123.jpg 92.7600,363.1800,206.0200,434.3700,18 245.4500,374.5900,277.4100,397.3700,18 296.0000,365.7100,335.0700,401.1600,18 203.8700,149.6800,221.0600,193.2000,72 448.0900,268.6000,468.4100,311.4100,72 442.6600,353.7800,462.9000,417.2300,49 63.5100,128.1200,84.4500,168.3000,72 382.3900,382.2400,390.6300,398.4700,31 342.5100,372.5200,349.6800,379.0300,18 507.7200,364.6300,537.4900,373.4700,18 462.9500,370.2600,470.7800,374.3500,18
/mnt/ai_models/coco2014/train2014/COCO_train2014_000000179812.jpg 1.4400,2.9700,474.6100,279.1100,49 0.0000,233.5200,449.5700,512.7100,50 0.0000,117.9300,58.9700,235.8700,22 0.0000,224.1200,478.9200,632.5700,27
/mnt/ai_models/coco2014/train2014/COCO_train2014_000000179812.jpg 1.4400,2.9700,474.6100,279.1100,49 0.0000,233.5200,449.5700,512.7100,50 0.0000,117.9300,58.9700,235.8700,22 0.0000,224.1200,478.9200,632.5700,27
/mnt/ai_models/coco2014/train2014/COCO_train2014_000000179812.jpg 1.4400,2.9700,474.6100,279.1100,49 0.0000,233.5200,449.5700,512.7100,50 0.0000,117.9300,58.9700,235.8700,22 0.0000,224.1200,478.9200,632.5700,27
/mnt/ai_models/coco2014/train2014/COCO_train2014_000000179812.jpg 1.4400,2.9700,474.6100,279.1100,49 0.0000,233.5200,449.5700,512.7100,50 0.0000,117.9300,58.9700,235.8700,22 0.0000,224.1200,478.9200,632.5700,27
/mnt/ai_models/coco2014/train2014/COCO_train2014_000000179812.jpg 1.4400,2.9700,474.6100,279.1100,49 0.0000,233.5200,449.5700,512.7100,50 0.0000,117.9300,58.9700,235.8700,22 0.0000,224.1200,478.9200,632.5700,27
/mnt/ai_models/coco2014/train2014/COCO_train2014_000000179812.jpg 1.4400,2.9700,474.6100,279.1100,49 0.0000,233.5200,449.5700,512.7100,50 0.0000,117.9300,58.9700,235.8700,22 0.0000,224.1200,478.9200,632.5700,27
/mnt/ai_models/coco2014/train2014/COCO_train2014_000000361773.jpg 97.9300,175.1700,457.9300,536.5500,10
/mnt/ai_models/coco2014/train2014/COCO_train2014_000000361773.jpg 97.9300,175.1700,457.9300,536.5500,10
/mnt/ai_models/coco2014/train2014/COCO_train2014_000000361773.jpg 97.9300,175.1700,457.9300,536.5500,10
/mnt/ai_models/coco2014/train2014/COCO_train2014_000000361773.jpg 97.9300,175.1700,457.9300,536.5500,10
/mnt/ai_models/coco2014/train2014/COCO_train2014_000000179812.jpg 1.4400,2.9700,474.6100,279.1100,49 0.0000,233.5200,449.5700,512.7100,50 0.0000,117.9300,58.9700,235.8700,22 0.0000,224.1200,478.9200,632.5700,27
/mnt/ai_models/coco2014/train2014/COCO_train2014_000000080394.jpg 271.4900,157.3100,482.8500,422.7900,28 215.8600,82.1400,301.3000,176.8100,13 104.6800,101.0100,276.4000,425.1600,49 561.9900,279.1800,640.0000,427.0000,27 17.3500,173.7200,305.2300,419.2400,22 447.7000,283.6700,516.2600,334.2700,51
/mnt/ai_models/coco2014/train2014/COCO_train2014_000000080394.jpg 271.4900,157.3100,482.8500,422.7900,28 215.8600,82.1400,301.3000,176.8100,13 104.6800,101.0100,276.4000,425.1600,49 561.9900,279.1800,640.0000,427.0000,27 17.3500,173.7200,305.2300,419.2400,22 447.7000,283.6700,516.2600,334.2700,51
/mnt/ai_models/coco2014/train2014/COCO_train2014_000000080394.jpg 271.4900,157.3100,482.8500,422.7900,28 215.8600,82.1400,301.3000,176.8100,13 104.6800,101.0100,276.4000,425.1600,49 561.9900,279.1800,640.0000,427.0000,27 17.3500,173.7200,305.2300,419.2400,22 447.7000,283.6700,516.2600,334.2700,51
/mnt/ai_models/coco2014/train2014/COCO_train2014_000000080394.jpg 271.4900,157.3100,482.8500,422.7900,28 215.8600,82.1400,301.3000,176.8100,13 104.6800,101.0100,276.4000,425.1600,49 561.9900,279.1800,640.0000,427.0000,27 17.3500,173.7200,305.2300,419.2400,22 447.7000,283.6700,516.2600,334.2700,51
/mnt/ai_models/coco2014/train2014/COCO_train2014_000000361773.jpg 97.9300,175.1700,457.9300,536.5500,10
/mnt/ai_models/coco2014/train2014/COCO_train2014_000000062075.jpg 467.9700,47.9500,530.2100,139.7400,26 353.8000,36.3400,433.6200,160.3900,26 285.4400,62.1800,313.6600,89.0600,32 130.5200,135.9100,403.4200,331.1500,50 490.6700,257.8200,636.7100,479.1200,13 182.1500,61.8000,313.7200,115.6600,32 67.8000,0.0000,640.0000,480.0000,27 170.9300,54.0000,298.1600,100.3100,41
/mnt/ai_models/coco2014/train2014/COCO_train2014_000000062075.jpg 467.9700,47.9500,530.2100,139.7400,26 353.8000,36.3400,433.6200,160.3900,26 285.4400,62.1800,313.6600,89.0600,32 130.5200,135.9100,403.4200,331.1500,50 490.6700,257.8200,636.7100,479.1200,13 182.1500,61.8000,313.7200,115.6600,32 67.8000,0.0000,640.0000,480.0000,27 170.9300,54.0000,298.1600,100.3100,41
/mnt/ai_models/coco2014/train2014/COCO_train2014_000000062075.jpg 467.9700,47.9500,530.2100,139.7400,26 353.8000,36.3400,433.6200,160.3900,26 285.4400,62.1800,313.6600,89.0600,32 130.5200,135.9100,403.4200,331.1500,50 490.6700,257.8200,636.7100,479.1200,13 182.1500,61.8000,313.7200,115.6600,32 67.8000,0.0000,640.0000,480.0000,27 170.9300,54.0000,298.1600,100.3100,41
/mnt/ai_models/coco2014/train2014/COCO_train2014_000000062075.jpg 467.9700,47.9500,530.2100,139.7400,26 353.8000,36.3400,433.6200,160.3900,26 285.4400,62.1800,313.6600,89.0600,32 130.5200,135.9100,403.4200,331.1500,50 490.6700,257.8200,636.7100,479.1200,13 182.1500,61.8000,313.7200,115.6600,32 67.8000,0.0000,640.0000,480.0000,27 170.9300,54.0000,298.1600,100.3100,41
/mnt/ai_models/coco2014/train2014/COCO_train2014_000000062075.jpg 467.9700,47.9500,530.2100,139.7400,26 353.8000,36.3400,433.6200,160.3900,26 285.4400,62.1800,313.6600,89.0600,32 130.5200,135.9100,403.4200,331.1500,50 490.6700,257.8200,636.7100,479.1200,13 182.1500,61.8000,313.7200,115.6600,32 67.8000,0.0000,640.0000,480.0000,27 170.9300,54.0000,298.1600,100.3100,41
/mnt/ai_models/coco2014/train2014/COCO_train2014_000000062075.jpg 467.9700,47.9500,530.2100,139.7400,26 353.8000,36.3400,433.6200,160.3900,26 285.4400,62.1800,313.6600,89.0600,32 130.5200,135.9100,403.4200,331.1500,50 490.6700,257.8200,636.7100,479.1200,13 182.1500,61.8000,313.7200,115.6600,32 67.8000,0.0000,640.0000,480.0000,27 170.9300,54.0000,298.1600,100.3100,41
/mnt/ai_models/coco2014/train2014/COCO_train2014_000000062075.jpg 467.9700,47.9500,530.2100,139.7400,26 353.8000,36.3400,433.6200,160.3900,26 285.4400,62.1800,313.6600,89.0600,32 130.5200,135.9100,403.4200,331.1500,50 490.6700,257.8200,636.7100,479.1200,13 182.1500,61.8000,313.7200,115.6600,32 67.8000,0.0000,640.0000,480.0000,27 170.9300,54.0000,298.1600,100.3100,41
/mnt/ai_models/coco2014/train2014/COCO_train2014_000000062075.jpg 467.9700,47.9500,530.2100,139.7400,26 353.8000,36.3400,433.6200,160.3900,26 285.4400,62.1800,313.6600,89.0600,32 130.5200,135.9100,403.4200,331.1500,50 490.6700,257.8200,636.7100,479.1200,13 182.1500,61.8000,313.7200,115.6600,32 67.8000,0.0000,640.0000,480.0000,27 170.9300,54.0000,298.1600,100.3100,41
/mnt/ai_models/coco2014/train2014/COCO_train2014_000000062075.jpg 467.9700,47.9500,530.2100,139.7400,26 353.8000,36.3400,433.6200,160.3900,26 285.4400,62.1800,313.6600,89.0600,32 130.5200,135.9100,403.4200,331.1500,50 490.6700,257.8200,636.7100,479.1200,13 182.1500,61.8000,313.7200,115.6600,32 67.8000,0.0000,640.0000,480.0000,27 170.9300,54.0000,298.1600,100.3100,41
/mnt/ai_models/coco2014/train2014/COCO_train2014_000000062075.jpg 467.9700,47.9500,530.2100,139.7400,26 353.8000,36.3400,433.6200,160.3900,26 285.4400,62.1800,313.6600,89.0600,32 130.5200,135.9100,403.4200,331.1500,50 490.6700,257.8200,636.7100,479.1200,13 182.1500,61.8000,313.7200,115.6600,32 67.8000,0.0000,640.0000,480.0000,27 170.9300,54.0000,298.1600,100.3100,41
/mnt/ai_models/coco2014/train2014/COCO_train2014_000000042701.jpg 145.8700,306.2300,236.4700,366.6400,25 619.6300,283.5500,639.6600,296.8300,25 334.6100,299.9700,445.7500,358.0600,25
/mnt/ai_models/coco2014/train2014/COCO_train2014_000000062075.jpg 467.9700,47.9500,530.2100,139.7400,26 353.8000,36.3400,433.6200,160.3900,26 285.4400,62.1800,313.6600,89.0600,32 130.5200,135.9100,403.4200,331.1500,50 490.6700,257.8200,636.7100,479.1200,13 182.1500,61.8000,313.7200,115.6600,32 67.8000,0.0000,640.0000,480.0000,27 170.9300,54.0000,298.1600,100.3100,41
/mnt/ai_models/coco2014/train2014/COCO_train2014_000000291493.jpg 217.4000,113.6500,528.4300,453.7400,54 188.7600,2.0300,564.1300,172.4600,54 420.6700,50.7700,640.0000,470.3600,27 549.8000,2.2500,640.0000,79.5700,26 391.7500,0.0600,557.4900,78.6300,26 593.4900,122.7900,640.0000,196.6700,32 0.0000,374.1100,156.4000,475.5100,27
/mnt/ai_models/coco2014/train2014/COCO_train2014_000000042701.jpg 145.8700,306.2300,236.4700,366.6400,25 619.6300,283.5500,639.6600,296.8300,25 334.6100,299.9700,445.7500,358.0600,25
/mnt/ai_models/coco2014/train2014/COCO_train2014_000000425292.jpg 0.9200,147.8400,341.6000,403.1200,25 223.5500,122.7500,318.2000,164.4200,25 385.7900,111.6200,499.4300,191.7000,25 33.5100,117.3800,131.1600,173.8600,25 550.5300,116.4500,574.8500,151.0400,25
/mnt/ai_models/coco2014/train2014/COCO_train2014_000000473500.jpg 71.3200,162.7100,269.1400,252.2700,20 340.6500,135.2300,529.5500,393.2900,20 0.0000,383.8200,169.3500,474.4300,70 291.3800,261.8200,582.2400,422.9100,57 550.1400,283.3700,640.0000,391.1700,12 324.7300,369.3300,389.0000,420.8700,13
/mnt/ai_models/coco2014/train2014/COCO_train2014_000000473500.jpg 71.3200,162.7100,269.1400,252.2700,20 340.6500,135.2300,529.5500,393.2900,20 0.0000,383.8200,169.3500,474.4300,70 291.3800,261.8200,582.2400,422.9100,57 550.1400,283.3700,640.0000,391.1700,12 324.7300,369.3300,389.0000,420.8700,13
/mnt/ai_models/coco2014/train2014/COCO_train2014_000000473500.jpg 71.3200,162.7100,269.1400,252.2700,20 340.6500,135.2300,529.5500,393.2900,20 0.0000,383.8200,169.3500,474.4300,70 291.3800,261.8200,582.2400,422.9100,57 550.1400,283.3700,640.0000,391.1700,12 324.7300,369.3300,389.0000,420.8700,13
/mnt/ai_models/coco2014/train2014/COCO_train2014_000000153585.jpg 0.9600,152.3300,640.0000,428.0000,7 183.7000,119.2600,273.1500,197.1700,66 421.2800,147.1500,515.4400,222.7700,66 331.6900,158.2800,424.7500,210.3700,66 125.1500,229.0900,224.1200,340.5100,66
/mnt/ai_models/coco2014/train2014/COCO_train2014_000000473500.jpg 71.3200,162.7100,269.1400,252.2700,20 340.6500,135.2300,529.5500,393.2900,20 0.0000,383.8200,169.3500,474.4300,70 291.3800,261.8200,582.2400,422.9100,57 550.1400,283.3700,640.0000,391.1700,12 324.7300,369.3300,389.0000,420.8700,13
/mnt/ai_models/coco2014/train2014/COCO_train2014_000000473500.jpg 71.3200,162.7100,269.1400,252.2700,20 340.6500,135.2300,529.5500,393.2900,20 0.0000,383.8200,169.3500,474.4300,70 291.3800,261.8200,582.2400,422.9100,57 550.1400,283.3700,640.0000,391.1700,12 324.7300,369.3300,389.0000,420.8700,13
/mnt/ai_models/coco2014/train2014/COCO_train2014_000000153585.jpg 0.9600,152.3300,640.0000,428.0000,7 183.7000,119.2600,273.1500,197.1700,66 421.2800,147.1500,515.4400,222.7700,66 331.6900,158.2800,424.7500,210.3700,66 125.1500,229.0900,224.1200,340.5100,66
/mnt/ai_models/coco2014/train2014/COCO_train2014_000000311326.jpg 240.5800,142.8700,463.3400,347.3500,46 373.4300,309.7000,591.3500,532.6000,46 166.2500,356.5500,386.2500,581.0200,46 31.1500,98.8000,253.6300,319.2300,46 0.0000,3.9000,173.2900,122.1700,46 167.4900,0.0000,377.4100,157.5900,46 474.4700,99.0200,612.0000,331.4400,46 162.7100,572.4600,340.4200,612.0000,46 0.0000,300.5600,185.3400,503.2800,46 374.7900,0.1500,586.7000,134.5700,46 348.0600,536.7000,540.5600,612.0000,46 536.5500,473.0100,612.0000,612.0000,46 0.0000,493.5600,164.0400,612.0000,46
/mnt/ai_models/coco2014/train2014/COCO_train2014_000000473500.jpg 71.3200,162.7100,269.1400,252.2700,20 340.6500,135.2300,529.5500,393.2900,20 0.0000,383.8200,169.3500,474.4300,70 291.3800,261.8200,582.2400,422.9100,57 550.1400,283.3700,640.0000,391.1700,12 324.7300,369.3300,389.0000,420.8700,13
/mnt/ai_models/coco2014/train2014/COCO_train2014_000000463320.jpg 251.4000,136.2600,342.5600,412.6100,13 331.0100,318.1700,380.8800,348.4800,21 233.7800,102.1400,243.3900,145.9900,12 136.5300,149.6100,145.9800,193.7800,12 143.6600,150.4500,155.7000,192.5200,12 206.3200,50.2000,213.2000,89.7300,12 337.1600,398.4400,640.0000,427.0000,53 181.1400,5.9700,226.5500,28.2400,12
/mnt/ai_models/coco2014/train2014/COCO_train2014_000000425292.jpg 0.9200,147.8400,341.6000,403.1200,25 223.5500,122.7500,318.2000,164.4200,25 385.7900,111.6200,499.4300,191.7000,25 33.5100,117.3800,131.1600,173.8600,25 550.5300,116.4500,574.8500,151.0400,25
/mnt/ai_models/coco2014/train2014/COCO_train2014_000000291493.jpg 217.4000,113.6500,528.4300,453.7400,54 188.7600,2.0300,564.1300,172.4600,54 420.6700,50.7700,640.0000,470.3600,27 549.8000,2.2500,640.0000,79.5700,26 391.7500,0.0600,557.4900,78.6300,26 593.4900,122.7900,640.0000,196.6700,32 0.0000,374.1100,156.4000,475.5100,27
/mnt/ai_models/coco2014/train2014/COCO_train2014_000000473500.jpg 71.3200,162.7100,269.1400,252.2700,20 340.6500,135.2300,529.5500,393.2900,20 0.0000,383.8200,169.3500,474.4300,70 291.3800,261.8200,582.2400,422.9100,57 550.1400,283.3700,640.0000,391.1700,12 324.7300,369.3300,389.0000,420.8700,13
/mnt/ai_models/coco2014/train2014/COCO_train2014_000000153585.jpg 0.9600,152.3300,640.0000,428.0000,7 183.7000,119.2600,273.1500,197.1700,66 421.2800,147.1500,515.4400,222.7700,66 331.6900,158.2800,424.7500,210.3700,66 125.1500,229.0900,224.1200,340.5100,66
/mnt/ai_models/coco2014/train2014/COCO_train2014_000000525340.jpg 130.7800,260.8700,355.5000,406.9400,37 0.0000,351.6100,349.3000,480.0000,18 62.7600,306.5800,80.9900,326.2400,51 81.1600,310.5500,90.7700,326.1100,51
/mnt/ai_models/coco2014/train2014/COCO_train2014_000000525340.jpg 130.7800,260.8700,355.5000,406.9400,37 0.0000,351.6100,349.3000,480.0000,18 62.7600,306.5800,80.9900,326.2400,51 81.1600,310.5500,90.7700,326.1100,51
/mnt/ai_models/coco2014/train2014/COCO_train2014_000000525340.jpg 130.7800,260.8700,355.5000,406.9400,37 0.0000,351.6100,349.3000,480.0000,18 62.7600,306.5800,80.9900,326.2400,51 81.1600,310.5500,90.7700,326.1100,51
/mnt/ai_models/coco2014/train2014/COCO_train2014_000000525340.jpg 130.7800,260.8700,355.5000,406.9400,37 0.0000,351.6100,349.3000,480.0000,18 62.7600,306.5800,80.9900,326.2400,51 81.1600,310.5500,90.7700,326.1100,51
/mnt/ai_models/coco2014/train2014/COCO_train2014_000000525340.jpg 130.7800,260.8700,355.5000,406.9400,37 0.0000,351.6100,349.3000,480.0000,18 62.7600,306.5800,80.9900,326.2400,51 81.1600,310.5500,90.7700,326.1100,51
/mnt/ai_models/coco2014/train2014/COCO_train2014_000000525340.jpg 130.7800,260.8700,355.5000,406.9400,37 0.0000,351.6100,349.3000,480.0000,18 62.7600,306.5800,80.9900,326.2400,51 81.1600,310.5500,90.7700,326.1100,51
/mnt/ai_models/coco2014/train2014/COCO_train2014_000000525340.jpg 130.7800,260.8700,355.5000,406.9400,37 0.0000,351.6100,349.3000,480.0000,18 62.7600,306.5800,80.9900,326.2400,51 81.1600,310.5500,90.7700,326.1100,51
/mnt/ai_models/coco2014/train2014/COCO_train2014_000000525340.jpg 130.7800,260.8700,355.5000,406.9400,37 0.0000,351.6100,349.3000,480.0000,18 62.7600,306.5800,80.9900,326.2400,51 81.1600,310.5500,90.7700,326.1100,51
/mnt/ai_models/coco2014/train2014/COCO_train2014_000000251425.jpg 457.4900,171.1100,491.8600,188.9200,18 553.0200,162.1000,567.3000,170.9500,18 568.4000,180.2400,593.0700,197.9700,18 312.7700,159.3900,356.7000,174.3600,18 527.1400,166.9700,546.5400,177.7100,18 564.0300,159.7800,579.3300,168.0200,18 586.3700,171.2000,608.8000,182.2300,18 434.8000,149.7100,444.2400,159.8400,63 508.7300,167.9400,526.9800,179.6800,18 369.9900,159.8500,395.7100,170.7300,18 371.4200,151.0200,388.1100,157.6800,18 285.3300,146.7300,301.9500,153.3200,18 488.7500,169.2600,510.6400,185.6000,18 104.1700,156.8100,117.6400,170.4300,63 275.8300,151.5200,286.2000,163.5000,63
/mnt/ai_models/coco2014/train2014/COCO_train2014_000000522653.jpg 184.2700,110.4200,480.0000,618.7400,79 64.2900,11.1700,458.5700,599.7400,79
/mnt/ai_models/coco2014/train2014/COCO_train2014_000000522653.jpg 184.2700,110.4200,480.0000,618.7400,79 64.2900,11.1700,458.5700,599.7400,79
/mnt/ai_models/coco2014/train2014/COCO_train2014_000000291493.jpg 217.4000,113.6500,528.4300,453.7400,54 188.7600,2.0300,564.1300,172.4600,54 420.6700,50.7700,640.0000,470.3600,27 549.8000,2.2500,640.0000,79.5700,26 391.7500,0.0600,557.4900,78.6300,26 593.4900,122.7900,640.0000,196.6700,32 0.0000,374.1100,156.4000,475.5100,27
/mnt/ai_models/coco2014/train2014/COCO_train2014_000000343418.jpg 437.2400,124.5000,493.6400,304.3600,13 397.1300,121.6100,442.3300,293.8100,13 0.0000,241.0800,640.0000,474.5900,27 74.2900,165.3700,205.2400,308.3500,26 87.5000,164.3800,206.2500,313.1300,77
/mnt/ai_models/coco2014/train2014/COCO_train2014_000000343418.jpg 437.2400,124.5000,493.6400,304.3600,13 397.1300,121.6100,442.3300,293.8100,13 0.0000,241.0800,640.0000,474.5900,27 74.2900,165.3700,205.2400,308.3500,26 87.5000,164.3800,206.2500,313.1300,77
/mnt/ai_models/coco2014/train2014/COCO_train2014_000000343418.jpg 437.2400,124.5000,493.6400,304.3600,13 397.1300,121.6100,442.3300,293.8100,13 0.0000,241.0800,640.0000,474.5900,27 74.2900,165.3700,205.2400,308.3500,26 87.5000,164.3800,206.2500,313.1300,77
/mnt/ai_models/coco2014/train2014/COCO_train2014_000000343418.jpg 437.2400,124.5000,493.6400,304.3600,13 397.1300,121.6100,442.3300,293.8100,13 0.0000,241.0800,640.0000,474.5900,27 74.2900,165.3700,205.2400,308.3500,26 87.5000,164.3800,206.2500,313.1300,77
/mnt/ai_models/coco2014/train2014/COCO_train2014_000000343418.jpg 437.2400,124.5000,493.6400,304.3600,13 397.1300,121.6100,442.3300,293.8100,13 0.0000,241.0800,640.0000,474.5900,27 74.2900,165.3700,205.2400,308.3500,26 87.5000,164.3800,206.2500,313.1300,77
/mnt/ai_models/coco2014/train2014/COCO_train2014_000000343418.jpg 437.2400,124.5000,493.6400,304.3600,13 397.1300,121.6100,442.3300,293.8100,13 0.0000,241.0800,640.0000,474.5900,27 74.2900,165.3700,205.2400,308.3500,26 87.5000,164.3800,206.2500,313.1300,77
/mnt/ai_models/coco2014/train2014/COCO_train2014_000000343418.jpg 437.2400,124.5000,493.6400,304.3600,13 397.1300,121.6100,442.3300,293.8100,13 0.0000,241.0800,640.0000,474.5900,27 74.2900,165.3700,205.2400,308.3500,26 87.5000,164.3800,206.2500,313.1300,77
/mnt/ai_models/coco2014/train2014/COCO_train2014_000000343418.jpg 437.2400,124.5000,493.6400,304.3600,13 397.1300,121.6100,442.3300,293.8100,13 0.0000,241.0800,640.0000,474.5900,27 74.2900,165.3700,205.2400,308.3500,26 87.5000,164.3800,206.2500,313.1300,77
/mnt/ai_models/coco2014/train2014/COCO_train2014_000000343418.jpg 437.2400,124.5000,493.6400,304.3600,13 397.1300,121.6100,442.3300,293.8100,13 0.0000,241.0800,640.0000,474.5900,27 74.2900,165.3700,205.2400,308.3500,26 87.5000,164.3800,206.2500,313.1300,77
/mnt/ai_models/coco2014/train2014/COCO_train2014_000000010936.jpg 168.2900,192.2100,258.4600,253.9700,25 233.0200,168.4800,359.9600,246.0300,25 349.4600,196.0400,452.2500,244.3400,25 456.2700,200.6300,563.3300,250.9600,25 556.2400,192.7500,639.7100,267.4700,25 106.5600,171.2400,226.3200,245.5000,25 400.5200,82.8400,601.8100,180.9000,18 34.4400,81.7400,246.4600,156.0000,18 625.8900,112.3600,640.0000,146.1700,18 304.5900,197.2500,368.6800,261.3400,25
/mnt/ai_models/coco2014/train2014/COCO_train2014_000000502911.jpg 504.2400,0.0000,592.0400,30.9800,26 319.0200,252.4300,440.4000,385.6200,29 184.7600,248.1300,321.1700,361.9900,29 303.5800,142.0200,423.6200,253.4800,29 177.6400,169.0200,297.1400,257.3000,29 431.2500,198.5100,536.9200,327.5500,29 308.9800,66.7500,417.7100,146.4100,29 187.5600,99.6700,289.3700,180.0500,29 0.0000,2.1500,640.0000,142.8600,27 406.3800,113.7600,536.7400,213.1100,29
/mnt/ai_models/coco2014/train2014/COCO_train2014_000000502911.jpg 504.2400,0.0000,592.0400,30.9800,26 319.0200,252.4300,440.4000,385.6200,29 184.7600,248.1300,321.1700,361.9900,29 303.5800,142.0200,423.6200,253.4800,29 177.6400,169.0200,297.1400,257.3000,29 431.2500,198.5100,536.9200,327.5500,29 308.9800,66.7500,417.7100,146.4100,29 187.5600,99.6700,289.3700,180.0500,29 0.0000,2.1500,640.0000,142.8600,27 406.3800,113.7600,536.7400,213.1100,29
/mnt/ai_models/coco2014/train2014/COCO_train2014_000000522653.jpg 184.2700,110.4200,480.0000,618.7400,79 64.2900,11.1700,458.5700,599.7400,79
/mnt/ai_models/coco2014/train2014/COCO_train2014_000000502911.jpg 504.2400,0.0000,592.0400,30.9800,26 319.0200,252.4300,440.4000,385.6200,29 184.7600,248.1300,321.1700,361.9900,29 303.5800,142.0200,423.6200,253.4800,29 177.6400,169.0200,297.1400,257.3000,29 431.2500,198.5100,536.9200,327.5500,29 308.9800,66.7500,417.7100,146.4100,29 187.5600,99.6700,289.3700,180.0500,29 0.0000,2.1500,640.0000,142.8600,27 406.3800,113.7600,536.7400,213.1100,29
/mnt/ai_models/coco2014/train2014/COCO_train2014_000000137589.jpg 316.0400,269.6600,409.8900,393.7100,30 283.0900,157.4500,566.3200,386.8900,30
/mnt/ai_models/coco2014/train2014/COCO_train2014_000000137589.jpg 316.0400,269.6600,409.8900,393.7100,30 283.0900,157.4500,566.3200,386.8900,30
/mnt/ai_models/coco2014/train2014/COCO_train2014_000000137589.jpg 316.0400,269.6600,409.8900,393.7100,30 283.0900,157.4500,566.3200,386.8900,30
/mnt/ai_models/coco2014/train2014/COCO_train2014_000000137589.jpg 316.0400,269.6600,409.8900,393.7100,30 283.0900,157.4500,566.3200,386.8900,30
/mnt/ai_models/coco2014/train2014/COCO_train2014_000000522653.jpg 184.2700,110.4200,480.0000,618.7400,79 64.2900,11.1700,458.5700,599.7400,79
/mnt/ai_models/coco2014/train2014/COCO_train2014_000000223909.jpg 306.2300,23.5700,585.6400,428.0000,34 76.9400,93.2900,307.7800,423.1900,34
/mnt/ai_models/coco2014/train2014/COCO_train2014_000000077260.jpg 360.0100,231.4600,376.7100,261.5700,13 0.0000,73.8600,57.4500,332.0000,52 37.2200,43.6200,61.6500,88.1900,23 300.0400,244.1200,310.7000,260.9800,26 443.5400,233.4000,474.2600,252.8100,14 386.7300,243.8700,499.2800,322.4500,43 50.4800,295.8500,117.9100,331.3300,47 191.7900,257.2200,239.5700,267.7100,57 256.4000,260.8300,289.9600,267.0900,57
/mnt/ai_models/coco2014/train2014/COCO_train2014_000000077260.jpg 360.0100,231.4600,376.7100,261.5700,13 0.0000,73.8600,57.4500,332.0000,52 37.2200,43.6200,61.6500,88.1900,23 300.0400,244.1200,310.7000,260.9800,26 443.5400,233.4000,474.2600,252.8100,14 386.7300,243.8700,499.2800,322.4500,43 50.4800,295.8500,117.9100,331.3300,47 191.7900,257.2200,239.5700,267.7100,57 256.4000,260.8300,289.9600,267.0900,57
/mnt/ai_models/coco2014/train2014/COCO_train2014_000000223909.jpg 306.2300,23.5700,585.6400,428.0000,34 76.9400,93.2900,307.7800,423.1900,34
/mnt/ai_models/coco2014/train2014/COCO_train2014_000000223909.jpg 306.2300,23.5700,585.6400,428.0000,34 76.9400,93.2900,307.7800,423.1900,34
/mnt/ai_models/coco2014/train2014/COCO_train2014_000000077260.jpg 360.0100,231.4600,376.7100,261.5700,13 0.0000,73.8600,57.4500,332.0000,52 37.2200,43.6200,61.6500,88.1900,23 300.0400,244.1200,310.7000,260.9800,26 443.5400,233.4000,474.2600,252.8100,14 386.7300,243.8700,499.2800,322.4500,43 50.4800,295.8500,117.9100,331.3300,47 191.7900,257.2200,239.5700,267.7100,57 256.4000,260.8300,289.9600,267.0900,57
/mnt/ai_models/coco2014/train2014/COCO_train2014_000000137589.jpg 316.0400,269.6600,409.8900,393.7100,30 283.0900,157.4500,566.3200,386.8900,30
/mnt/ai_models/coco2014/train2014/COCO_train2014_000000223909.jpg 306.2300,23.5700,585.6400,428.0000,34 76.9400,93.2900,307.7800,423.1900,34
/mnt/ai_models/coco2014/train2014/COCO_train2014_000000036750.jpg 95.2300,123.0400,155.6000,255.7600,13 86.7500,119.8800,114.2600,241.0400,13 326.2400,81.6200,360.6200,147.4100,13 295.4300,88.3500,328.8700,144.5600,13 161.6400,120.4200,205.6700,216.5700,13 1.0800,59.0000,595.4200,451.6300,57
/mnt/ai_models/coco2014/train2014/COCO_train2014_000000137589.jpg 316.0400,269.6600,409.8900,393.7100,30 283.0900,157.4500,566.3200,386.8900,30
/mnt/ai_models/coco2014/train2014/COCO_train2014_000000052123.jpg 117.3400,0.0500,281.8300,154.2800,49 363.8400,345.5000,419.3800,366.4100,3 132.4400,359.4500,219.7700,430.2100,3 208.3700,344.2200,265.4500,401.9500,3 281.4500,362.3100,298.6300,422.9600,3 244.0800,329.1300,390.5800,464.3200,3 381.6000,359.0600,496.7200,454.9700,3 491.7000,364.0700,522.3000,404.5100,3 571.0400,367.1500,589.4400,408.3500,3 390.8200,325.0400,426.1300,348.5900,3 347.2000,301.2000,374.2000,334.0000,3 394.5600,281.6600,410.3700,305.1500,3 383.3600,284.8900,396.2500,313.4400,3 291.1600,264.4600,308.3100,287.8500,3 235.8100,243.7700,284.7900,280.5100,3 306.5000,302.2300,347.2700,330.9600,3 435.1800,38.7800,618.8200,321.9200,49 413.1200,1.3500,474.6100,77.9300,36 293.4300,290.4500,300.9600,307.9400,3 0.0000,102.0000,625.0000,451.0000,3
/mnt/ai_models/coco2014/train2014/COCO_train2014_000000052123.jpg 117.3400,0.0500,281.8300,154.2800,49 363.8400,345.5000,419.3800,366.4100,3 132.4400,359.4500,219.7700,430.2100,3 208.3700,344.2200,265.4500,401.9500,3 281.4500,362.3100,298.6300,422.9600,3 244.0800,329.1300,390.5800,464.3200,3 381.6000,359.0600,496.7200,454.9700,3 491.7000,364.0700,522.3000,404.5100,3 571.0400,367.1500,589.4400,408.3500,3 390.8200,325.0400,426.1300,348.5900,3 347.2000,301.2000,374.2000,334.0000,3 394.5600,281.6600,410.3700,305.1500,3 383.3600,284.8900,396.2500,313.4400,3 291.1600,264.4600,308.3100,287.8500,3 235.8100,243.7700,284.7900,280.5100,3 306.5000,302.2300,347.2700,330.9600,3 435.1800,38.7800,618.8200,321.9200,49 413.1200,1.3500,474.6100,77.9300,36 293.4300,290.4500,300.9600,307.9400,3 0.0000,102.0000,625.0000,451.0000,3
/mnt/ai_models/coco2014/train2014/COCO_train2014_000000008320.jpg 227.3900,136.2800,344.7700,360.7400,79 451.8400,36.3900,624.7400,420.4100,79
/mnt/ai_models/coco2014/train2014/COCO_train2014_000000392747.jpg 534.3500,126.4100,585.7400,273.5100,66 263.5100,124.5400,394.3000,363.0500,66 341.7700,109.4700,465.0500,314.4000,66 71.0100,116.1100,280.1900,400.1300,66 152.5700,379.6900,315.6900,427.0000,66 363.5300,338.0400,457.7700,422.6700,66 502.8000,327.2100,616.9900,404.9300,66 473.0600,304.1800,546.9400,418.3600,66 598.1600,107.9000,640.0000,240.2800,66
/mnt/ai_models/coco2014/train2014/COCO_train2014_000000223909.jpg 306.2300,23.5700,585.6400,428.0000,34 76.9400,93.2900,307.7800,423.1900,34
/mnt/ai_models/coco2014/train2014/COCO_train2014_000000008320.jpg 227.3900,136.2800,344.7700,360.7400,79 451.8400,36.3900,624.7400,420.4100,79
/mnt/ai_models/coco2014/train2014/COCO_train2014_000000137589.jpg 316.0400,269.6600,409.8900,393.7100,30 283.0900,157.4500,566.3200,386.8900,30
/mnt/ai_models/coco2014/train2014/COCO_train2014_000000223909.jpg 306.2300,23.5700,585.6400,428.0000,34 76.9400,93.2900,307.7800,423.1900,34
/mnt/ai_models/coco2014/train2014/COCO_train2014_000000008320.jpg 227.3900,136.2800,344.7700,360.7400,79 451.8400,36.3900,624.7400,420.4100,79
/mnt/ai_models/coco2014/train2014/COCO_train2014_000000230548.jpg 168.4700,86.1100,480.3300,203.9700,20 0.0000,114.7700,640.0000,296.8400,64 212.4500,282.2600,640.0000,379.0100,7
/mnt/ai_models/coco2014/train2014/COCO_train2014_000000230548.jpg 168.4700,86.1100,480.3300,203.9700,20 0.0000,114.7700,640.0000,296.8400,64 212.4500,282.2600,640.0000,379.0100,7
/mnt/ai_models/coco2014/train2014/COCO_train2014_000000230548.jpg 168.4700,86.1100,480.3300,203.9700,20 0.0000,114.7700,640.0000,296.8400,64 212.4500,282.2600,640.0000,379.0100,7
/mnt/ai_models/coco2014/train2014/COCO_train2014_000000230548.jpg 168.4700,86.1100,480.3300,203.9700,20 0.0000,114.7700,640.0000,296.8400,64 212.4500,282.2600,640.0000,379.0100,7
/mnt/ai_models/coco2014/train2014/COCO_train2014_000000230548.jpg 168.4700,86.1100,480.3300,203.9700,20 0.0000,114.7700,640.0000,296.8400,64 212.4500,282.2600,640.0000,379.0100,7
/mnt/ai_models/coco2014/train2014/COCO_train2014_000000137589.jpg 316.0400,269.6600,409.8900,393.7100,30 283.0900,157.4500,566.3200,386.8900,30
/mnt/ai_models/coco2014/train2014/COCO_train2014_000000230548.jpg 168.4700,86.1100,480.3300,203.9700,20 0.0000,114.7700,640.0000,296.8400,64 212.4500,282.2600,640.0000,379.0100,7
/mnt/ai_models/coco2014/train2014/COCO_train2014_000000223909.jpg 306.2300,23.5700,585.6400,428.0000,34 76.9400,93.2900,307.7800,423.1900,34
/mnt/ai_models/coco2014/train2014/COCO_train2014_000000008320.jpg 227.3900,136.2800,344.7700,360.7400,79 451.8400,36.3900,624.7400,420.4100,79
/mnt/ai_models/coco2014/train2014/COCO_train2014_000000230548.jpg 168.4700,86.1100,480.3300,203.9700,20 0.0000,114.7700,640.0000,296.8400,64 212.4500,282.2600,640.0000,379.0100,7
/mnt/ai_models/coco2014/train2014/COCO_train2014_000000550410.jpg 0.0000,1.2300,464.0000,493.4000,27 62.9200,176.0600,464.0000,476.0600,3 105.8600,155.9700,353.6000,357.5500,33 148.4800,17.1100,313.6900,118.2900,33 6.4900,98.7000,174.0300,237.6600,33
/mnt/ai_models/coco2014/train2014/COCO_train2014_000000550410.jpg 0.0000,1.2300,464.0000,493.4000,27 62.9200,176.0600,464.0000,476.0600,3 105.8600,155.9700,353.6000,357.5500,33 148.4800,17.1100,313.6900,118.2900,33 6.4900,98.7000,174.0300,237.6600,33
/mnt/ai_models/coco2014/train2014/COCO_train2014_000000008320.jpg 227.3900,136.2800,344.7700,360.7400,79 451.8400,36.3900,624.7400,420.4100,79
/mnt/ai_models/coco2014/train2014/COCO_train2014_000000151178.jpg 46.3800,124.0400,339.7800,473.5300,34 375.3700,105.7100,640.0000,244.8500,34
/mnt/ai_models/coco2014/train2014/COCO_train2014_000000230548.jpg 168.4700,86.1100,480.3300,203.9700,20 0.0000,114.7700,640.0000,296.8400,64 212.4500,282.2600,640.0000,379.0100,7
/mnt/ai_models/coco2014/train2014/COCO_train2014_000000110078.jpg 394.5900,48.6500,623.7800,392.4300,70 121.8900,128.3600,409.8900,474.6100,70
/mnt/ai_models/coco2014/train2014/COCO_train2014_000000008320.jpg 227.3900,136.2800,344.7700,360.7400,79 451.8400,36.3900,624.7400,420.4100,79
/mnt/ai_models/coco2014/train2014/COCO_train2014_000000557368.jpg 124.9900,178.2200,161.5400,208.0700,40 193.5100,123.3800,222.6200,149.5300,40 110.1200,420.9300,121.1000,433.4000,40 109.2500,396.9500,113.4300,402.4200,40 104.1000,402.2800,107.8700,404.3600,40 291.7300,21.6500,327.9100,48.4700,40
/mnt/ai_models/coco2014/train2014/COCO_train2014_000000557368.jpg 124.9900,178.2200,161.5400,208.0700,40 193.5100,123.3800,222.6200,149.5300,40 110.1200,420.9300,121.1000,433.4000,40 109.2500,396.9500,113.4300,402.4200,40 104.1000,402.2800,107.8700,404.3600,40 291.7300,21.6500,327.9100,48.4700,40
/mnt/ai_models/coco2014/train2014/COCO_train2014_000000557368.jpg 124.9900,178.2200,161.5400,208.0700,40 193.5100,123.3800,222.6200,149.5300,40 110.1200,420.9300,121.1000,433.4000,40 109.2500,396.9500,113.4300,402.4200,40 104.1000,402.2800,107.8700,404.3600,40 291.7300,21.6500,327.9100,48.4700,40
/mnt/ai_models/coco2014/train2014/COCO_train2014_000000557368.jpg 124.9900,178.2200,161.5400,208.0700,40 193.5100,123.3800,222.6200,149.5300,40 110.1200,420.9300,121.1000,433.4000,40 109.2500,396.9500,113.4300,402.4200,40 104.1000,402.2800,107.8700,404.3600,40 291.7300,21.6500,327.9100,48.4700,40
/mnt/ai_models/coco2014/train2014/COCO_train2014_000000557368.jpg 124.9900,178.2200,161.5400,208.0700,40 193.5100,123.3800,222.6200,149.5300,40 110.1200,420.9300,121.1000,433.4000,40 109.2500,396.9500,113.4300,402.4200,40 104.1000,402.2800,107.8700,404.3600,40 291.7300,21.6500,327.9100,48.4700,40
/mnt/ai_models/coco2014/train2014/COCO_train2014_000000557368.jpg 124.9900,178.2200,161.5400,208.0700,40 193.5100,123.3800,222.6200,149.5300,40 110.1200,420.9300,121.1000,433.4000,40 109.2500,396.9500,113.4300,402.4200,40 104.1000,402.2800,107.8700,404.3600,40 291.7300,21.6500,327.9100,48.4700,40
/mnt/ai_models/coco2014/train2014/COCO_train2014_000000557368.jpg 124.9900,178.2200,161.5400,208.0700,40 193.5100,123.3800,222.6200,149.5300,40 110.1200,420.9300,121.1000,433.4000,40 109.2500,396.9500,113.4300,402.4200,40 104.1000,402.2800,107.8700,404.3600,40 291.7300,21.6500,327.9100,48.4700,40
/mnt/ai_models/coco2014/train2014/COCO_train2014_000000557368.jpg 124.9900,178.2200,161.5400,208.0700,40 193.5100,123.3800,222.6200,149.5300,40 110.1200,420.9300,121.1000,433.4000,40 109.2500,396.9500,113.4300,402.4200,40 104.1000,402.2800,107.8700,404.3600,40 291.7300,21.6500,327.9100,48.4700,40
/mnt/ai_models/coco2014/train2014/COCO_train2014_000000557368.jpg 124.9900,178.2200,161.5400,208.0700,40 193.5100,123.3800,222.6200,149.5300,40 110.1200,420.9300,121.1000,433.4000,40 109.2500,396.9500,113.4300,402.4200,40 104.1000,402.2800,107.8700,404.3600,40 291.7300,21.6500,327.9100,48.4700,40
/mnt/ai_models/coco2014/train2014/COCO_train2014_000000234084.jpg 218.3100,265.3800,246.4200,295.0300,23 194.0800,272.2100,201.2400,297.6300,23
/mnt/ai_models/coco2014/train2014/COCO_train2014_000000234084.jpg 218.3100,265.3800,246.4200,295.0300,23 194.0800,272.2100,201.2400,297.6300,23
/mnt/ai_models/coco2014/train2014/COCO_train2014_000000234084.jpg 218.3100,265.3800,246.4200,295.0300,23 194.0800,272.2100,201.2400,297.6300,23
/mnt/ai_models/coco2014/train2014/COCO_train2014_000000363326.jpg 322.1700,230.2400,420.4100,363.1500,75 287.6700,265.2400,475.0500,514.6400,75 0.0000,313.8100,225.7200,633.1200,22 322.8000,461.9300,384.4500,530.9700,26 216.3500,331.4600,364.6600,464.3200,42 248.5900,462.9900,299.5800,489.0300,45 260.7500,237.6600,310.8200,363.9900,75
/mnt/ai_models/coco2014/train2014/COCO_train2014_000000029853.jpg 164.7400,130.7100,464.5000,479.2100,10
/mnt/ai_models/coco2014/train2014/COCO_train2014_000000029853.jpg 164.7400,130.7100,464.5000,479.2100,10
/mnt/ai_models/coco2014/train2014/COCO_train2014_000000029853.jpg 164.7400,130.7100,464.5000,479.2100,10
/mnt/ai_models/coco2014/train2014/COCO_train2014_000000029853.jpg 164.7400,130.7100,464.5000,479.2100,10
/mnt/ai_models/coco2014/train2014/COCO_train2014_000000029853.jpg 164.7400,130.7100,464.5000,479.2100,10
/mnt/ai_models/coco2014/train2014/COCO_train2014_000000029853.jpg 164.7400,130.7100,464.5000,479.2100,10
/mnt/ai_models/coco2014/train2014/COCO_train2014_000000029853.jpg 164.7400,130.7100,464.5000,479.2100,10
/mnt/ai_models/coco2014/train2014/COCO_train2014_000000029853.jpg 164.7400,130.7100,464.5000,479.2100,10
/mnt/ai_models/coco2014/train2014/COCO_train2014_000000029853.jpg 164.7400,130.7100,464.5000,479.2100,10
/mnt/ai_models/coco2014/train2014/COCO_train2014_000000029853.jpg 164.7400,130.7100,464.5000,479.2100,10
/mnt/ai_models/coco2014/train2014/COCO_train2014_000000029853.jpg 164.7400,130.7100,464.5000,479.2100,10
/mnt/ai_models/coco2014/train2014/COCO_train2014_000000029853.jpg 164.7400,130.7100,464.5000,479.2100,10
/mnt/ai_models/coco2014/train2014/COCO_train2014_000000029853.jpg 164.7400,130.7100,464.5000,479.2100,10
/mnt/ai_models/coco2014/train2014/COCO_train2014_000000363326.jpg 322.1700,230.2400,420.4100,363.1500,75 287.6700,265.2400,475.0500,514.6400,75 0.0000,313.8100,225.7200,633.1200,22 322.8000,461.9300,384.4500,530.9700,26 216.3500,331.4600,364.6600,464.3200,42 248.5900,462.9900,299.5800,489.0300,45 260.7500,237.6600,310.8200,363.9900,75
/mnt/ai_models/coco2014/train2014/COCO_train2014_000000029853.jpg 164.7400,130.7100,464.5000,479.2100,10
/mnt/ai_models/coco2014/train2014/COCO_train2014_000000029853.jpg 164.7400,130.7100,464.5000,479.2100,10
/mnt/ai_models/coco2014/train2014/COCO_train2014_000000029853.jpg 164.7400,130.7100,464.5000,479.2100,10
/mnt/ai_models/coco2014/train2014/COCO_train2014_000000029853.jpg 164.7400,130.7100,464.5000,479.2100,10
/mnt/ai_models/coco2014/train2014/COCO_train2014_000000029853.jpg 164.7400,130.7100,464.5000,479.2100,10
/mnt/ai_models/coco2014/train2014/COCO_train2014_000000029853.jpg 164.7400,130.7100,464.5000,479.2100,10
/mnt/ai_models/coco2014/train2014/COCO_train2014_000000545877.jpg 24.2000,3.2300,612.3200,330.7600,44
/mnt/ai_models/coco2014/train2014/COCO_train2014_000000463102.jpg 149.4300,1.5100,301.8900,110.1900,46 97.7400,115.2200,236.6400,256.9700,46 6.0400,77.7400,152.4500,203.0200,46 209.0400,171.9500,427.0000,379.5600,14 84.5600,336.7700,291.8100,515.8400,17
/mnt/ai_models/coco2014/train2014/COCO_train2014_000000029853.jpg 164.7400,130.7100,464.5000,479.2100,10
/mnt/ai_models/coco2014/train2014/COCO_train2014_000000545877.jpg 24.2000,3.2300,612.3200,330.7600,44
/mnt/ai_models/coco2014/train2014/COCO_train2014_000000029853.jpg 164.7400,130.7100,464.5000,479.2100,10
/mnt/ai_models/coco2014/train2014/COCO_train2014_000000545877.jpg 24.2000,3.2300,612.3200,330.7600,44
/mnt/ai_models/coco2014/train2014/COCO_train2014_000000029853.jpg 164.7400,130.7100,464.5000,479.2100,10
/mnt/ai_models/coco2014/train2014/COCO_train2014_000000545877.jpg 24.2000,3.2300,612.3200,330.7600,44
/mnt/ai_models/coco2014/train2014/COCO_train2014_000000029853.jpg 164.7400,130.7100,464.5000,479.2100,10
/mnt/ai_models/coco2014/train2014/COCO_train2014_000000545877.jpg 24.2000,3.2300,612.3200,330.7600,44
/mnt/ai_models/coco2014/train2014/COCO_train2014_000000545877.jpg 24.2000,3.2300,612.3200,330.7600,44
/mnt/ai_models/coco2014/train2014/COCO_train2014_000000545877.jpg 24.2000,3.2300,612.3200,330.7600,44
/mnt/ai_models/coco2014/train2014/COCO_train2014_000000360975.jpg 63.4800,158.1600,505.8600,468.8600,10
/mnt/ai_models/coco2014/train2014/COCO_train2014_000000360975.jpg 63.4800,158.1600,505.8600,468.8600,10
/mnt/ai_models/coco2014/train2014/COCO_train2014_000000360975.jpg 63.4800,158.1600,505.8600,468.8600,10
/mnt/ai_models/coco2014/train2014/COCO_train2014_000000360975.jpg 63.4800,158.1600,505.8600,468.8600,10
/mnt/ai_models/coco2014/train2014/COCO_train2014_000000360975.jpg 63.4800,158.1600,505.8600,468.8600,10
/mnt/ai_models/coco2014/train2014/COCO_train2014_000000360975.jpg 63.4800,158.1600,505.8600,468.8600,10
/mnt/ai_models/coco2014/train2014/COCO_train2014_000000463102.jpg 149.4300,1.5100,301.8900,110.1900,46 97.7400,115.2200,236.6400,256.9700,46 6.0400,77.7400,152.4500,203.0200,46 209.0400,171.9500,427.0000,379.5600,14 84.5600,336.7700,291.8100,515.8400,17
/mnt/ai_models/coco2014/train2014/COCO_train2014_000000360975.jpg 63.4800,158.1600,505.8600,468.8600,10
/mnt/ai_models/coco2014/train2014/COCO_train2014_000000360975.jpg 63.4800,158.1600,505.8600,468.8600,10
/mnt/ai_models/coco2014/train2014/COCO_train2014_000000360975.jpg 63.4800,158.1600,505.8600,468.8600,10
/mnt/ai_models/coco2014/train2014/COCO_train2014_000000360975.jpg 63.4800,158.1600,505.8600,468.8600,10
/mnt/ai_models/coco2014/train2014/COCO_train2014_000000360975.jpg 63.4800,158.1600,505.8600,468.8600,10
/mnt/ai_models/coco2014/train2014/COCO_train2014_000000360975.jpg 63.4800,158.1600,505.8600,468.8600,10
/mnt/ai_models/coco2014/train2014/COCO_train2014_000000267788.jpg 103.5500,308.6900,242.1700,375.3700,3 227.4400,398.1300,355.8700,493.4100,3 206.4800,422.1900,367.7900,516.6500,3 222.3400,183.8000,301.6600,270.9800,1 362.7600,310.7600,425.2900,402.2700,1 220.6200,267.0100,301.8200,350.3500,46 297.0700,308.2200,359.2600,376.7000,46 221.0100,524.1100,278.6800,568.7600,46 340.6900,278.5000,433.6000,315.7500,3 333.1700,331.3100,423.0000,474.0800,3 88.8100,286.9200,115.6000,319.1500,3 305.8000,237.9800,359.4500,302.8600,1 380.5400,418.6000,434.0000,488.0000,1 414.9700,352.0500,434.0000,407.6700,46 274.7500,440.3700,341.5000,471.4200,3
/mnt/ai_models/coco2014/train2014/COCO_train2014_000000478391.jpg 346.4500,475.6100,362.4300,479.9300,18 442.1500,470.0900,485.9600,479.6100,74
/mnt/ai_models/coco2014/train2014/COCO_train2014_000000360975.jpg 63.4800,158.1600,505.8600,468.8600,10
/mnt/ai_models/coco2014/train2014/COCO_train2014_000000550030.jpg 33.0300,23.4000,459.7000,623.4800,20 167.8900,229.9200,444.5700,502.7500,36 0.0900,537.6000,44.9000,616.1300,12 452.9400,290.1100,480.0000,340.6000,12
/mnt/ai_models/coco2014/train2014/COCO_train2014_000000360975.jpg 63.4800,158.1600,505.8600,468.8600,10
/mnt/ai_models/coco2014/train2014/COCO_train2014_000000267788.jpg 103.5500,308.6900,242.1700,375.3700,3 227.4400,398.1300,355.8700,493.4100,3 206.4800,422.1900,367.7900,516.6500,3 222.3400,183.8000,301.6600,270.9800,1 362.7600,310.7600,425.2900,402.2700,1 220.6200,267.0100,301.8200,350.3500,46 297.0700,308.2200,359.2600,376.7000,46 221.0100,524.1100,278.6800,568.7600,46 340.6900,278.5000,433.6000,315.7500,3 333.1700,331.3100,423.0000,474.0800,3 88.8100,286.9200,115.6000,319.1500,3 305.8000,237.9800,359.4500,302.8600,1 380.5400,418.6000,434.0000,488.0000,1 414.9700,352.0500,434.0000,407.6700,46 274.7500,440.3700,341.5000,471.4200,3
/mnt/ai_models/coco2014/train2014/COCO_train2014_000000478391.jpg 346.4500,475.6100,362.4300,479.9300,18 442.1500,470.0900,485.9600,479.6100,74
/mnt/ai_models/coco2014/train2014/COCO_train2014_000000360975.jpg 63.4800,158.1600,505.8600,468.8600,10
/mnt/ai_models/coco2014/train2014/COCO_train2014_000000360975.jpg 63.4800,158.1600,505.8600,468.8600,10
/mnt/ai_models/coco2014/train2014/COCO_train2014_000000478391.jpg 346.4500,475.6100,362.4300,479.9300,18 442.1500,470.0900,485.9600,479.6100,74
/mnt/ai_models/coco2014/train2014/COCO_train2014_000000212575.jpg 73.5100,231.8900,129.7300,272.9700,14 86.1400,227.5900,124.9400,268.0400,1 86.5400,248.4400,103.4100,262.7400,46 78.9000,120.9900,201.0900,168.9600,43 67.9600,173.6600,206.0200,294.4700,47 378.3700,236.6200,505.9200,259.5800,57 96.9600,236.7500,107.8800,245.3100,46 0.0000,84.8000,20.5600,282.7500,52 348.3000,196.5200,369.6400,209.8900,13 363.2400,183.0500,384.2400,195.5800,13
/mnt/ai_models/coco2014/train2014/COCO_train2014_000000360975.jpg 63.4800,158.1600,505.8600,468.8600,10
/mnt/ai_models/coco2014/train2014/COCO_train2014_000000352561.jpg 361.1600,158.8300,422.5100,193.8800,14 77.6600,84.4100,352.3600,596.4100,77 250.2400,0.0000,305.6700,64.3800,77 430.2800,0.2200,480.0000,99.3500,77
/mnt/ai_models/coco2014/train2014/COCO_train2014_000000352561.jpg 361.1600,158.8300,422.5100,193.8800,14 77.6600,84.4100,352.3600,596.4100,77 250.2400,0.0000,305.6700,64.3800,77 430.2800,0.2200,480.0000,99.3500,77
/mnt/ai_models/coco2014/train2014/COCO_train2014_000000352561.jpg 361.1600,158.8300,422.5100,193.8800,14 77.6600,84.4100,352.3600,596.4100,77 250.2400,0.0000,305.6700,64.3800,77 430.2800,0.2200,480.0000,99.3500,77
/mnt/ai_models/coco2014/train2014/COCO_train2014_000000352561.jpg 361.1600,158.8300,422.5100,193.8800,14 77.6600,84.4100,352.3600,596.4100,77 250.2400,0.0000,305.6700,64.3800,77 430.2800,0.2200,480.0000,99.3500,77
/mnt/ai_models/coco2014/train2014/COCO_train2014_000000360975.jpg 63.4800,158.1600,505.8600,468.8600,10
/mnt/ai_models/coco2014/train2014/COCO_train2014_000000478391.jpg 346.4500,475.6100,362.4300,479.9300,18 442.1500,470.0900,485.9600,479.6100,74
/mnt/ai_models/coco2014/train2014/COCO_train2014_000000478391.jpg 346.4500,475.6100,362.4300,479.9300,18 442.1500,470.0900,485.9600,479.6100,74
/mnt/ai_models/coco2014/train2014/COCO_train2014_000000220082.jpg 303.2800,2.0000,630.5100,376.1100,38 2.9900,8.9800,298.3000,353.1700,38 39.2900,161.8200,143.8900,280.5000,19 425.1000,158.8000,560.4100,286.1800,19
/mnt/ai_models/coco2014/train2014/COCO_train2014_000000438075.jpg 2.7500,79.4100,399.1400,477.1700,10
/mnt/ai_models/coco2014/train2014/COCO_train2014_000000438075.jpg 2.7500,79.4100,399.1400,477.1700,10
/mnt/ai_models/coco2014/train2014/COCO_train2014_000000438075.jpg 2.7500,79.4100,399.1400,477.1700,10
/mnt/ai_models/coco2014/train2014/COCO_train2014_000000438075.jpg 2.7500,79.4100,399.1400,477.1700,10
/mnt/ai_models/coco2014/train2014/COCO_train2014_000000478391.jpg 346.4500,475.6100,362.4300,479.9300,18 442.1500,470.0900,485.9600,479.6100,74
/mnt/ai_models/coco2014/train2014/COCO_train2014_000000438075.jpg 2.7500,79.4100,399.1400,477.1700,10
/mnt/ai_models/coco2014/train2014/COCO_train2014_000000352561.jpg 361.1600,158.8300,422.5100,193.8800,14 77.6600,84.4100,352.3600,596.4100,77 250.2400,0.0000,305.6700,64.3800,77 430.2800,0.2200,480.0000,99.3500,77
/mnt/ai_models/coco2014/train2014/COCO_train2014_000000438075.jpg 2.7500,79.4100,399.1400,477.1700,10
/mnt/ai_models/coco2014/train2014/COCO_train2014_000000334981.jpg 277.6300,213.9900,313.5300,251.3800,23
/mnt/ai_models/coco2014/train2014/COCO_train2014_000000438075.jpg 2.7500,79.4100,399.1400,477.1700,10
/mnt/ai_models/coco2014/train2014/COCO_train2014_000000334981.jpg 277.6300,213.9900,313.5300,251.3800,23
/mnt/ai_models/coco2014/train2014/COCO_train2014_000000438075.jpg 2.7500,79.4100,399.1400,477.1700,10
/mnt/ai_models/coco2014/train2014/COCO_train2014_000000334981.jpg 277.6300,213.9900,313.5300,251.3800,23
/mnt/ai_models/coco2014/train2014/COCO_train2014_000000438075.jpg 2.7500,79.4100,399.1400,477.1700,10
/mnt/ai_models/coco2014/train2014/COCO_train2014_000000418198.jpg 56.8100,129.2800,166.7100,189.8700,14 62.1500,76.9100,167.3800,163.4500,46 64.9000,34.7600,479.0600,440.5600,42 0.0000,157.7800,640.0000,473.1100,27 112.2100,268.0500,456.3100,372.7800,39
/mnt/ai_models/coco2014/train2014/COCO_train2014_000000334981.jpg 277.6300,213.9900,313.5300,251.3800,23
/mnt/ai_models/coco2014/train2014/COCO_train2014_000000438075.jpg 2.7500,79.4100,399.1400,477.1700,10
/mnt/ai_models/coco2014/train2014/COCO_train2014_000000334981.jpg 277.6300,213.9900,313.5300,251.3800,23
/mnt/ai_models/coco2014/train2014/COCO_train2014_000000341328.jpg 101.4800,33.5100,393.4900,312.1100,66 357.1400,195.9300,477.8500,290.3300,8
/mnt/ai_models/coco2014/train2014/COCO_train2014_000000341328.jpg 101.4800,33.5100,393.4900,312.1100,66 357.1400,195.9300,477.8500,290.3300,8
/mnt/ai_models/coco2014/train2014/COCO_train2014_000000341328.jpg 101.4800,33.5100,393.4900,312.1100,66 357.1400,195.9300,477.8500,290.3300,8
/mnt/ai_models/coco2014/train2014/COCO_train2014_000000344456.jpg 518.0000,66.0000,640.0000,162.0000,73 201.5500,213.5200,446.0000,277.3800,8
/mnt/ai_models/coco2014/train2014/COCO_train2014_000000344456.jpg 518.0000,66.0000,640.0000,162.0000,73 201.5500,213.5200,446.0000,277.3800,8
/mnt/ai_models/coco2014/train2014/COCO_train2014_000000344456.jpg 518.0000,66.0000,640.0000,162.0000,73 201.5500,213.5200,446.0000,277.3800,8
/mnt/ai_models/coco2014/train2014/COCO_train2014_000000344456.jpg 518.0000,66.0000,640.0000,162.0000,73 201.5500,213.5200,446.0000,277.3800,8
/mnt/ai_models/coco2014/train2014/COCO_train2014_000000344456.jpg 518.0000,66.0000,640.0000,162.0000,73 201.5500,213.5200,446.0000,277.3800,8
/mnt/ai_models/coco2014/train2014/COCO_train2014_000000344456.jpg 518.0000,66.0000,640.0000,162.0000,73 201.5500,213.5200,446.0000,277.3800,8
/mnt/ai_models/coco2014/train2014/COCO_train2014_000000344456.jpg 518.0000,66.0000,640.0000,162.0000,73 201.5500,213.5200,446.0000,277.3800,8
/mnt/ai_models/coco2014/train2014/COCO_train2014_000000344456.jpg 518.0000,66.0000,640.0000,162.0000,73 201.5500,213.5200,446.0000,277.3800,8
/mnt/ai_models/coco2014/train2014/COCO_train2014_000000344456.jpg 518.0000,66.0000,640.0000,162.0000,73 201.5500,213.5200,446.0000,277.3800,8
/mnt/ai_models/coco2014/train2014/COCO_train2014_000000344456.jpg 518.0000,66.0000,640.0000,162.0000,73 201.5500,213.5200,446.0000,277.3800,8
/mnt/ai_models/coco2014/train2014/COCO_train2014_000000344456.jpg 518.0000,66.0000,640.0000,162.0000,73 201.5500,213.5200,446.0000,277.3800,8
/mnt/ai_models/coco2014/train2014/COCO_train2014_000000344456.jpg 518.0000,66.0000,640.0000,162.0000,73 201.5500,213.5200,446.0000,277.3800,8
/mnt/ai_models/coco2014/train2014/COCO_train2014_000000344456.jpg 518.0000,66.0000,640.0000,162.0000,73 201.5500,213.5200,446.0000,277.3800,8
/mnt/ai_models/coco2014/train2014/COCO_train2014_000000344456.jpg 518.0000,66.0000,640.0000,162.0000,73 201.5500,213.5200,446.0000,277.3800,8
/mnt/ai_models/coco2014/train2014/COCO_train2014_000000344456.jpg 518.0000,66.0000,640.0000,162.0000,73 201.5500,213.5200,446.0000,277.3800,8
/mnt/ai_models/coco2014/train2014/COCO_train2014_000000344456.jpg 518.0000,66.0000,640.0000,162.0000,73 201.5500,213.5200,446.0000,277.3800,8
/mnt/ai_models/coco2014/train2014/COCO_train2014_000000344456.jpg 518.0000,66.0000,640.0000,162.0000,73 201.5500,213.5200,446.0000,277.3800,8
/mnt/ai_models/coco2014/train2014/COCO_train2014_000000201291.jpg 305.3200,309.1100,475.5100,408.1800,19 51.5200,53.3400,217.8600,167.4700,15 429.7800,231.3600,615.0600,389.9000,15 240.6700,272.4300,350.5100,383.2200,15 217.7500,18.9400,311.3500,73.3800,15 401.3300,0.0000,480.7000,50.7400,15 218.0800,147.2900,349.1600,205.1700,19 83.4300,302.3000,104.5500,352.5500,19 2.6400,267.2900,81.0200,388.7200,19 419.1900,262.8000,496.7700,310.8800,19
/mnt/ai_models/coco2014/train2014/COCO_train2014_000000404783.jpg 270.8300,148.9600,464.7500,304.9600,68 444.8600,142.7100,633.2200,301.7500,68 176.5600,145.4900,277.1300,308.3000,68 5.0000,152.4200,182.4100,301.0900,68
/mnt/ai_models/coco2014/train2014/COCO_train2014_000000404783.jpg 270.8300,148.9600,464.7500,304.9600,68 444.8600,142.7100,633.2200,301.7500,68 176.5600,145.4900,277.1300,308.3000,68 5.0000,152.4200,182.4100,301.0900,68
/mnt/ai_models/coco2014/train2014/COCO_train2014_000000404783.jpg 270.8300,148.9600,464.7500,304.9600,68 444.8600,142.7100,633.2200,301.7500,68 176.5600,145.4900,277.1300,308.3000,68 5.0000,152.4200,182.4100,301.0900,68
/mnt/ai_models/coco2014/train2014/COCO_train2014_000000404783.jpg 270.8300,148.9600,464.7500,304.9600,68 444.8600,142.7100,633.2200,301.7500,68 176.5600,145.4900,277.1300,308.3000,68 5.0000,152.4200,182.4100,301.0900,68
/mnt/ai_models/coco2014/train2014/COCO_train2014_000000404783.jpg 270.8300,148.9600,464.7500,304.9600,68 444.8600,142.7100,633.2200,301.7500,68 176.5600,145.4900,277.1300,308.3000,68 5.0000,152.4200,182.4100,301.0900,68
/mnt/ai_models/coco2014/train2014/COCO_train2014_000000344456.jpg 518.0000,66.0000,640.0000,162.0000,73 201.5500,213.5200,446.0000,277.3800,8
/mnt/ai_models/coco2014/train2014/COCO_train2014_000000344456.jpg 518.0000,66.0000,640.0000,162.0000,73 201.5500,213.5200,446.0000,277.3800,8
/mnt/ai_models/coco2014/train2014/COCO_train2014_000000247263.jpg 240.1800,21.7400,375.3000,77.4600,22 4.3300,54.5400,476.7500,630.9700,27 198.4700,268.5000,346.6100,478.4800,77
/mnt/ai_models/coco2014/train2014/COCO_train2014_000000247263.jpg 240.1800,21.7400,375.3000,77.4600,22 4.3300,54.5400,476.7500,630.9700,27 198.4700,268.5000,346.6100,478.4800,77
/mnt/ai_models/coco2014/train2014/COCO_train2014_000000247263.jpg 240.1800,21.7400,375.3000,77.4600,22 4.3300,54.5400,476.7500,630.9700,27 198.4700,268.5000,346.6100,478.4800,77
/mnt/ai_models/coco2014/train2014/COCO_train2014_000000247263.jpg 240.1800,21.7400,375.3000,77.4600,22 4.3300,54.5400,476.7500,630.9700,27 198.4700,268.5000,346.6100,478.4800,77
/mnt/ai_models/coco2014/train2014/COCO_train2014_000000247263.jpg 240.1800,21.7400,375.3000,77.4600,22 4.3300,54.5400,476.7500,630.9700,27 198.4700,268.5000,346.6100,478.4800,77
/mnt/ai_models/coco2014/train2014/COCO_train2014_000000247263.jpg 240.1800,21.7400,375.3000,77.4600,22 4.3300,54.5400,476.7500,630.9700,27 198.4700,268.5000,346.6100,478.4800,77
/mnt/ai_models/coco2014/train2014/COCO_train2014_000000247263.jpg 240.1800,21.7400,375.3000,77.4600,22 4.3300,54.5400,476.7500,630.9700,27 198.4700,268.5000,346.6100,478.4800,77
/mnt/ai_models/coco2014/train2014/COCO_train2014_000000247263.jpg 240.1800,21.7400,375.3000,77.4600,22 4.3300,54.5400,476.7500,630.9700,27 198.4700,268.5000,346.6100,478.4800,77
/mnt/ai_models/coco2014/train2014/COCO_train2014_000000171639.jpg 264.8100,50.3700,498.9200,420.7200,79 376.3300,0.0000,636.1300,308.5200,79 8.6200,53.6100,376.2200,421.2100,79
/mnt/ai_models/coco2014/train2014/COCO_train2014_000000247263.jpg 240.1800,21.7400,375.3000,77.4600,22 4.3300,54.5400,476.7500,630.9700,27 198.4700,268.5000,346.6100,478.4800,77
/mnt/ai_models/coco2014/train2014/COCO_train2014_000000404783.jpg 270.8300,148.9600,464.7500,304.9600,68 444.8600,142.7100,633.2200,301.7500,68 176.5600,145.4900,277.1300,308.3000,68 5.0000,152.4200,182.4100,301.0900,68
/mnt/ai_models/coco2014/train2014/COCO_train2014_000000247263.jpg 240.1800,21.7400,375.3000,77.4600,22 4.3300,54.5400,476.7500,630.9700,27 198.4700,268.5000,346.6100,478.4800,77
/mnt/ai_models/coco2014/train2014/COCO_train2014_000000365575.jpg 275.4000,125.3900,295.2200,150.4700,63 89.5000,410.5100,131.1600,426.3100,21 190.8900,297.3200,295.5400,500.0000,22 0.0000,136.7300,282.0200,492.1300,49 45.5300,367.6200,171.7000,477.1700,36
/mnt/ai_models/coco2014/train2014/COCO_train2014_000000365575.jpg 275.4000,125.3900,295.2200,150.4700,63 89.5000,410.5100,131.1600,426.3100,21 190.8900,297.3200,295.5400,500.0000,22 0.0000,136.7300,282.0200,492.1300,49 45.5300,367.6200,171.7000,477.1700,36
/mnt/ai_models/coco2014/train2014/COCO_train2014_000000173620.jpg 1.3800,30.2600,612.0000,605.1200,50
/mnt/ai_models/coco2014/train2014/COCO_train2014_000000173620.jpg 1.3800,30.2600,612.0000,605.1200,50
/mnt/ai_models/coco2014/train2014/COCO_train2014_000000173620.jpg 1.3800,30.2600,612.0000,605.1200,50
/mnt/ai_models/coco2014/train2014/COCO_train2014_000000171639.jpg 264.8100,50.3700,498.9200,420.7200,79 376.3300,0.0000,636.1300,308.5200,79 8.6200,53.6100,376.2200,421.2100,79
/mnt/ai_models/coco2014/train2014/COCO_train2014_000000562029.jpg 579.2900,337.4700,590.8500,376.5900,13 11.8700,390.4700,63.6400,472.4500,70 325.7500,337.3600,448.4500,376.2400,57
/mnt/ai_models/coco2014/train2014/COCO_train2014_000000573184.jpg 64.6300,156.5400,162.1500,206.9200,0 249.8900,103.5100,586.2900,236.5800,0 257.6900,197.8100,299.0200,216.4400,74 219.7300,190.5000,259.9200,214.9700,74 594.7600,193.9800,639.2000,219.6200,0
/mnt/ai_models/coco2014/train2014/COCO_train2014_000000573184.jpg 64.6300,156.5400,162.1500,206.9200,0 249.8900,103.5100,586.2900,236.5800,0 257.6900,197.8100,299.0200,216.4400,74 219.7300,190.5000,259.9200,214.9700,74 594.7600,193.9800,639.2000,219.6200,0
/mnt/ai_models/coco2014/train2014/COCO_train2014_000000573184.jpg 64.6300,156.5400,162.1500,206.9200,0 249.8900,103.5100,586.2900,236.5800,0 257.6900,197.8100,299.0200,216.4400,74 219.7300,190.5000,259.9200,214.9700,74 594.7600,193.9800,639.2000,219.6200,0
/mnt/ai_models/coco2014/train2014/COCO_train2014_000000247263.jpg 240.1800,21.7400,375.3000,77.4600,22 4.3300,54.5400,476.7500,630.9700,27 198.4700,268.5000,346.6100,478.4800,77
/mnt/ai_models/coco2014/train2014/COCO_train2014_000000365575.jpg 275.4000,125.3900,295.2200,150.4700,63 89.5000,410.5100,131.1600,426.3100,21 190.8900,297.3200,295.5400,500.0000,22 0.0000,136.7300,282.0200,492.1300,49 45.5300,367.6200,171.7000,477.1700,36
/mnt/ai_models/coco2014/train2014/COCO_train2014_000000562029.jpg 579.2900,337.4700,590.8500,376.5900,13 11.8700,390.4700,63.6400,472.4500,70 325.7500,337.3600,448.4500,376.2400,57
/mnt/ai_models/coco2014/train2014/COCO_train2014_000000498922.jpg 56.9600,127.9000,304.0200,388.0000,25 385.3800,101.1400,640.0000,383.6400,25 568.8700,275.2800,640.0000,388.0000,25 216.6800,79.6200,459.5500,382.9600,25
/mnt/ai_models/coco2014/train2014/COCO_train2014_000000247263.jpg 240.1800,21.7400,375.3000,77.4600,22 4.3300,54.5400,476.7500,630.9700,27 198.4700,268.5000,346.6100,478.4800,77
/mnt/ai_models/coco2014/train2014/COCO_train2014_000000562029.jpg 579.2900,337.4700,590.8500,376.5900,13 11.8700,390.4700,63.6400,472.4500,70 325.7500,337.3600,448.4500,376.2400,57
/mnt/ai_models/coco2014/train2014/COCO_train2014_000000531812.jpg 0.0000,15.9800,637.1100,456.9800,54
/mnt/ai_models/coco2014/train2014/COCO_train2014_000000247263.jpg 240.1800,21.7400,375.3000,77.4600,22 4.3300,54.5400,476.7500,630.9700,27 198.4700,268.5000,346.6100,478.4800,77
/mnt/ai_models/coco2014/train2014/COCO_train2014_000000186685.jpg 1.0800,0.0000,455.1900,203.8700,42 483.8600,88.8000,625.2500,206.9000,45 5.3900,155.3300,612.6700,468.1300,39 0.5000,1.5000,390.4800,89.0300,39
/mnt/ai_models/coco2014/train2014/COCO_train2014_000000186685.jpg 1.0800,0.0000,455.1900,203.8700,42 483.8600,88.8000,625.2500,206.9000,45 5.3900,155.3300,612.6700,468.1300,39 0.5000,1.5000,390.4800,89.0300,39
/mnt/ai_models/coco2014/train2014/COCO_train2014_000000531812.jpg 0.0000,15.9800,637.1100,456.9800,54
/mnt/ai_models/coco2014/train2014/COCO_train2014_000000137109.jpg 131.4600,156.4800,497.1900,370.3400,79 328.8600,36.9900,482.3800,262.6600,79 4.8700,194.8100,210.3900,369.1600,79
/mnt/ai_models/coco2014/train2014/COCO_train2014_000000268570.jpg 278.7100,90.8400,539.8700,388.1300,20 4.1200,209.0500,267.8100,472.7400,22 0.0000,27.5500,619.9100,475.2600,2
/mnt/ai_models/coco2014/train2014/COCO_train2014_000000268570.jpg 278.7100,90.8400,539.8700,388.1300,20 4.1200,209.0500,267.8100,472.7400,22 0.0000,27.5500,619.9100,475.2600,2
/mnt/ai_models/coco2014/train2014/COCO_train2014_000000268570.jpg 278.7100,90.8400,539.8700,388.1300,20 4.1200,209.0500,267.8100,472.7400,22 0.0000,27.5500,619.9100,475.2600,2
/mnt/ai_models/coco2014/train2014/COCO_train2014_000000268570.jpg 278.7100,90.8400,539.8700,388.1300,20 4.1200,209.0500,267.8100,472.7400,22 0.0000,27.5500,619.9100,475.2600,2
/mnt/ai_models/coco2014/train2014/COCO_train2014_000000268570.jpg 278.7100,90.8400,539.8700,388.1300,20 4.1200,209.0500,267.8100,472.7400,22 0.0000,27.5500,619.9100,475.2600,2
/mnt/ai_models/coco2014/train2014/COCO_train2014_000000268570.jpg 278.7100,90.8400,539.8700,388.1300,20 4.1200,209.0500,267.8100,472.7400,22 0.0000,27.5500,619.9100,475.2600,2
/mnt/ai_models/coco2014/train2014/COCO_train2014_000000268570.jpg 278.7100,90.8400,539.8700,388.1300,20 4.1200,209.0500,267.8100,472.7400,22 0.0000,27.5500,619.9100,475.2600,2
/mnt/ai_models/coco2014/train2014/COCO_train2014_000000268570.jpg 278.7100,90.8400,539.8700,388.1300,20 4.1200,209.0500,267.8100,472.7400,22 0.0000,27.5500,619.9100,475.2600,2
/mnt/ai_models/coco2014/train2014/COCO_train2014_000000268570.jpg 278.7100,90.8400,539.8700,388.1300,20 4.1200,209.0500,267.8100,472.7400,22 0.0000,27.5500,619.9100,475.2600,2
/mnt/ai_models/coco2014/train2014/COCO_train2014_000000268570.jpg 278.7100,90.8400,539.8700,388.1300,20 4.1200,209.0500,267.8100,472.7400,22 0.0000,27.5500,619.9100,475.2600,2
/mnt/ai_models/coco2014/train2014/COCO_train2014_000000268570.jpg 278.7100,90.8400,539.8700,388.1300,20 4.1200,209.0500,267.8100,472.7400,22 0.0000,27.5500,619.9100,475.2600,2
/mnt/ai_models/coco2014/train2014/COCO_train2014_000000268570.jpg 278.7100,90.8400,539.8700,388.1300,20 4.1200,209.0500,267.8100,472.7400,22 0.0000,27.5500,619.9100,475.2600,2
/mnt/ai_models/coco2014/train2014/COCO_train2014_000000268570.jpg 278.7100,90.8400,539.8700,388.1300,20 4.1200,209.0500,267.8100,472.7400,22 0.0000,27.5500,619.9100,475.2600,2
/mnt/ai_models/coco2014/train2014/COCO_train2014_000000268570.jpg 278.7100,90.8400,539.8700,388.1300,20 4.1200,209.0500,267.8100,472.7400,22 0.0000,27.5500,619.9100,475.2600,2
/mnt/ai_models/coco2014/train2014/COCO_train2014_000000268570.jpg 278.7100,90.8400,539.8700,388.1300,20 4.1200,209.0500,267.8100,472.7400,22 0.0000,27.5500,619.9100,475.2600,2
/mnt/ai_models/coco2014/train2014/COCO_train2014_000000268570.jpg 278.7100,90.8400,539.8700,388.1300,20 4.1200,209.0500,267.8100,472.7400,22 0.0000,27.5500,619.9100,475.2600,2
/mnt/ai_models/coco2014/train2014/COCO_train2014_000000150032.jpg 243.9500,431.3500,407.5300,640.0000,70 340.1400,362.2700,480.0000,615.3600,57 404.7000,361.0400,461.4800,436.7800,13
/mnt/ai_models/coco2014/train2014/COCO_train2014_000000268570.jpg 278.7100,90.8400,539.8700,388.1300,20 4.1200,209.0500,267.8100,472.7400,22 0.0000,27.5500,619.9100,475.2600,2
/mnt/ai_models/coco2014/train2014/COCO_train2014_000000444582.jpg 121.9000,260.5400,205.1400,469.0500,34 206.5600,251.3700,369.8400,465.1300,34
/mnt/ai_models/coco2014/train2014/COCO_train2014_000000244231.jpg 461.4000,38.4900,516.1100,83.2500,10 226.5600,257.8900,281.3300,306.3500,10 287.3900,130.8500,317.4600,194.0100,10
/mnt/ai_models/coco2014/train2014/COCO_train2014_000000244231.jpg 461.4000,38.4900,516.1100,83.2500,10 226.5600,257.8900,281.3300,306.3500,10 287.3900,130.8500,317.4600,194.0100,10
/mnt/ai_models/coco2014/train2014/COCO_train2014_000000444582.jpg 121.9000,260.5400,205.1400,469.0500,34 206.5600,251.3700,369.8400,465.1300,34
/mnt/ai_models/coco2014/train2014/COCO_train2014_000000100303.jpg 380.7300,226.8800,407.7100,279.2000,21 335.0900,293.3200,377.3000,320.3100,45 166.8500,301.7500,327.6900,380.6800,39 41.2500,24.3800,368.7500,304.3800,75
/mnt/ai_models/coco2014/train2014/COCO_train2014_000000444582.jpg 121.9000,260.5400,205.1400,469.0500,34 206.5600,251.3700,369.8400,465.1300,34
/mnt/ai_models/coco2014/train2014/COCO_train2014_000000100303.jpg 380.7300,226.8800,407.7100,279.2000,21 335.0900,293.3200,377.3000,320.3100,45 166.8500,301.7500,327.6900,380.6800,39 41.2500,24.3800,368.7500,304.3800,75
/mnt/ai_models/coco2014/train2014/COCO_train2014_000000244231.jpg 461.4000,38.4900,516.1100,83.2500,10 226.5600,257.8900,281.3300,306.3500,10 287.3900,130.8500,317.4600,194.0100,10
/mnt/ai_models/coco2014/train2014/COCO_train2014_000000444582.jpg 121.9000,260.5400,205.1400,469.0500,34 206.5600,251.3700,369.8400,465.1300,34
/mnt/ai_models/coco2014/train2014/COCO_train2014_000000100303.jpg 380.7300,226.8800,407.7100,279.2000,21 335.0900,293.3200,377.3000,320.3100,45 166.8500,301.7500,327.6900,380.6800,39 41.2500,24.3800,368.7500,304.3800,75
/mnt/ai_models/coco2014/train2014/COCO_train2014_000000444582.jpg 121.9000,260.5400,205.1400,469.0500,34 206.5600,251.3700,369.8400,465.1300,34
/mnt/ai_models/coco2014/train2014/COCO_train2014_000000100303.jpg 380.7300,226.8800,407.7100,279.2000,21 335.0900,293.3200,377.3000,320.3100,45 166.8500,301.7500,327.6900,380.6800,39 41.2500,24.3800,368.7500,304.3800,75
/mnt/ai_models/coco2014/train2014/COCO_train2014_000000140373.jpg 99.7800,20.6500,159.6800,166.9300,13 0.8400,94.1300,46.2400,221.0900,26 283.4700,239.3000,420.0700,351.2500,50 216.3300,43.1200,307.0800,88.6200,50 21.4300,0.1700,175.4900,89.3000,22 2.5300,141.3200,155.9000,375.0000,27
/mnt/ai_models/coco2014/train2014/COCO_train2014_000000266586.jpg 100.3100,104.9000,612.6700,373.4800,73 0.7900,215.1500,85.7500,293.6300,73
/mnt/ai_models/coco2014/train2014/COCO_train2014_000000140373.jpg 99.7800,20.6500,159.6800,166.9300,13 0.8400,94.1300,46.2400,221.0900,26 283.4700,239.3000,420.0700,351.2500,50 216.3300,43.1200,307.0800,88.6200,50 21.4300,0.1700,175.4900,89.3000,22 2.5300,141.3200,155.9000,375.0000,27
/mnt/ai_models/coco2014/train2014/COCO_train2014_000000428120.jpg 126.1900,206.3800,243.2500,453.8600,70
/mnt/ai_models/coco2014/train2014/COCO_train2014_000000428120.jpg 126.1900,206.3800,243.2500,453.8600,70
/mnt/ai_models/coco2014/train2014/COCO_train2014_000000428120.jpg 126.1900,206.3800,243.2500,453.8600,70
/mnt/ai_models/coco2014/train2014/COCO_train2014_000000266586.jpg 100.3100,104.9000,612.6700,373.4800,73 0.7900,215.1500,85.7500,293.6300,73
/mnt/ai_models/coco2014/train2014/COCO_train2014_000000260668.jpg 351.2000,99.6400,633.3400,371.9200,50 14.7600,120.0900,342.5400,397.6600,50
/mnt/ai_models/coco2014/train2014/COCO_train2014_000000260668.jpg 351.2000,99.6400,633.3400,371.9200,50 14.7600,120.0900,342.5400,397.6600,50
/mnt/ai_models/coco2014/train2014/COCO_train2014_000000260668.jpg 351.2000,99.6400,633.3400,371.9200,50 14.7600,120.0900,342.5400,397.6600,50
/mnt/ai_models/coco2014/train2014/COCO_train2014_000000260668.jpg 351.2000,99.6400,633.3400,371.9200,50 14.7600,120.0900,342.5400,397.6600,50
/mnt/ai_models/coco2014/train2014/COCO_train2014_000000260668.jpg 351.2000,99.6400,633.3400,371.9200,50 14.7600,120.0900,342.5400,397.6600,50
/mnt/ai_models/coco2014/train2014/COCO_train2014_000000410054.jpg 0.0000,202.1100,267.1300,371.4900,7 424.7200,272.8900,494.6600,328.5100,57
/mnt/ai_models/coco2014/train2014/COCO_train2014_000000410091.jpg 226.5200,222.2000,337.6200,327.9100,23
/mnt/ai_models/coco2014/train2014/COCO_train2014_000000410091.jpg 226.5200,222.2000,337.6200,327.9100,23
/mnt/ai_models/coco2014/train2014/COCO_train2014_000000410091.jpg 226.5200,222.2000,337.6200,327.9100,23
/mnt/ai_models/coco2014/train2014/COCO_train2014_000000410091.jpg 226.5200,222.2000,337.6200,327.9100,23
/mnt/ai_models/coco2014/train2014/COCO_train2014_000000410091.jpg 226.5200,222.2000,337.6200,327.9100,23
/mnt/ai_models/coco2014/train2014/COCO_train2014_000000410091.jpg 226.5200,222.2000,337.6200,327.9100,23
/mnt/ai_models/coco2014/train2014/COCO_train2014_000000428120.jpg 126.1900,206.3800,243.2500,453.8600,70
/mnt/ai_models/coco2014/train2014/COCO_train2014_000000410091.jpg 226.5200,222.2000,337.6200,327.9100,23
/mnt/ai_models/coco2014/train2014/COCO_train2014_000000428120.jpg 126.1900,206.3800,243.2500,453.8600,70
/mnt/ai_models/coco2014/train2014/COCO_train2014_000000410091.jpg 226.5200,222.2000,337.6200,327.9100,23
/mnt/ai_models/coco2014/train2014/COCO_train2014_000000410054.jpg 0.0000,202.1100,267.1300,371.4900,7 424.7200,272.8900,494.6600,328.5100,57
/mnt/ai_models/coco2014/train2014/COCO_train2014_000000260668.jpg 351.2000,99.6400,633.3400,371.9200,50 14.7600,120.0900,342.5400,397.6600,50
/mnt/ai_models/coco2014/train2014/COCO_train2014_000000511694.jpg 228.9300,177.2600,330.9700,312.0000,10 75.4700,306.6500,222.1900,369.7000,10 135.7400,413.2600,251.0800,502.4700,10
/mnt/ai_models/coco2014/train2014/COCO_train2014_000000428120.jpg 126.1900,206.3800,243.2500,453.8600,70
/mnt/ai_models/coco2014/train2014/COCO_train2014_000000410091.jpg 226.5200,222.2000,337.6200,327.9100,23
/mnt/ai_models/coco2014/train2014/COCO_train2014_000000355578.jpg 297.4600,103.4700,448.1100,400.9300,51 180.1300,178.6800,250.6500,315.3600,51 360.7900,5.4600,640.0000,363.3800,51 130.7900,185.6100,181.7600,370.2600,51 50.8600,46.7200,132.4200,265.5000,51 225.6800,0.0000,274.5500,151.7000,76 138.2500,5.1200,191.0800,141.2000,76 19.7100,0.0000,73.5900,161.2100,76 431.8000,185.9900,499.9300,364.4700,77 293.9100,211.8400,441.4200,407.0400,77 129.7600,252.8700,199.6400,332.7300,77 453.6200,216.2700,507.9600,405.9300,77
/mnt/ai_models/coco2014/train2014/COCO_train2014_000000428120.jpg 126.1900,206.3800,243.2500,453.8600,70
/mnt/ai_models/coco2014/train2014/COCO_train2014_000000410091.jpg 226.5200,222.2000,337.6200,327.9100,23
/mnt/ai_models/coco2014/train2014/COCO_train2014_000000410054.jpg 0.0000,202.1100,267.1300,371.4900,7 424.7200,272.8900,494.6600,328.5100,57
/mnt/ai_models/coco2014/train2014/COCO_train2014_000000007396.jpg 243.3100,76.2600,595.5600,339.5400,73 128.9300,142.3900,219.7700,224.7500,73
/mnt/ai_models/coco2014/train2014/COCO_train2014_000000313061.jpg 222.2800,166.8300,497.1500,416.6000,52
/mnt/ai_models/coco2014/train2014/COCO_train2014_000000410091.jpg 226.5200,222.2000,337.6200,327.9100,23
/mnt/ai_models/coco2014/train2014/COCO_train2014_000000313061.jpg 222.2800,166.8300,497.1500,416.6000,52
/mnt/ai_models/coco2014/train2014/COCO_train2014_000000410091.jpg 226.5200,222.2000,337.6200,327.9100,23
/mnt/ai_models/coco2014/train2014/COCO_train2014_000000110023.jpg 132.6900,137.8100,277.5200,276.6900,10
/mnt/ai_models/coco2014/train2014/COCO_train2014_000000174474.jpg 73.7800,252.8600,291.2700,535.9700,63
/mnt/ai_models/coco2014/train2014/COCO_train2014_000000403329.jpg 2.1500,79.1300,308.9800,433.3200,42 325.4700,105.2700,638.0500,438.2600,42 8.4600,278.8100,284.6800,349.3700,39 334.4300,300.6000,640.0000,375.0100,39
/mnt/ai_models/coco2014/train2014/COCO_train2014_000000410091.jpg 226.5200,222.2000,337.6200,327.9100,23
/mnt/ai_models/coco2014/train2014/COCO_train2014_000000110023.jpg 132.6900,137.8100,277.5200,276.6900,10
/mnt/ai_models/coco2014/train2014/COCO_train2014_000000174474.jpg 73.7800,252.8600,291.2700,535.9700,63
/mnt/ai_models/coco2014/train2014/COCO_train2014_000000110023.jpg 132.6900,137.8100,277.5200,276.6900,10
/mnt/ai_models/coco2014/train2014/COCO_train2014_000000174474.jpg 73.7800,252.8600,291.2700,535.9700,63
/mnt/ai_models/coco2014/train2014/COCO_train2014_000000007396.jpg 243.3100,76.2600,595.5600,339.5400,73 128.9300,142.3900,219.7700,224.7500,73
/mnt/ai_models/coco2014/train2014/COCO_train2014_000000186429.jpg 0.0000,0.8200,215.3000,76.0600,79 0.7500,50.0100,342.7300,329.1300,79 255.9200,108.3800,498.3800,328.3900,79 1.5000,0.7500,467.7000,148.9100,79
/mnt/ai_models/coco2014/train2014/COCO_train2014_000000174474.jpg 73.7800,252.8600,291.2700,535.9700,63
/mnt/ai_models/coco2014/train2014/COCO_train2014_000000521894.jpg 471.6300,197.7000,504.5900,211.4700,18 598.4500,233.2200,639.0000,250.2200,18 78.9500,95.5900,554.9600,443.8900,0 565.6900,136.0700,635.6400,158.6000,0 530.2500,135.6100,570.7200,151.9700,0 578.5200,220.1400,628.5800,236.2200,74 27.4200,411.4100,69.4200,471.4900,74 596.2500,232.5900,640.0000,250.6800,74
/mnt/ai_models/coco2014/train2014/COCO_train2014_000000388250.jpg 244.3800,244.3800,430.6200,375.0000,70 0.0000,195.5100,361.5200,370.7900,57
/mnt/ai_models/coco2014/train2014/COCO_train2014_000000459037.jpg 273.0000,178.6600,516.2600,415.3200,1 66.2000,113.6400,282.4400,346.4300,1 400.3300,119.4400,534.1400,237.7600,46 322.8100,17.1100,442.9000,139.5500,46 240.7500,97.5000,357.5700,202.8700,46 0.0000,0.1000,640.0000,470.0000,14
/mnt/ai_models/coco2014/train2014/COCO_train2014_000000174474.jpg 73.7800,252.8600,291.2700,535.9700,63
/mnt/ai_models/coco2014/train2014/COCO_train2014_000000174474.jpg 73.7800,252.8600,291.2700,535.9700,63
/mnt/ai_models/coco2014/train2014/COCO_train2014_000000388250.jpg 244.3800,244.3800,430.6200,375.0000,70 0.0000,195.5100,361.5200,370.7900,57
/mnt/ai_models/coco2014/train2014/COCO_train2014_000000174474.jpg 73.7800,252.8600,291.2700,535.9700,63
/mnt/ai_models/coco2014/train2014/COCO_train2014_000000174474.jpg 73.7800,252.8600,291.2700,535.9700,63
/mnt/ai_models/coco2014/train2014/COCO_train2014_000000388250.jpg 244.3800,244.3800,430.6200,375.0000,70 0.0000,195.5100,361.5200,370.7900,57
/mnt/ai_models/coco2014/train2014/COCO_train2014_000000174474.jpg 73.7800,252.8600,291.2700,535.9700,63
/mnt/ai_models/coco2014/train2014/COCO_train2014_000000164287.jpg 324.0900,34.8900,627.0600,305.7300,10
/mnt/ai_models/coco2014/train2014/COCO_train2014_000000164287.jpg 324.0900,34.8900,627.0600,305.7300,10
/mnt/ai_models/coco2014/train2014/COCO_train2014_000000164287.jpg 324.0900,34.8900,627.0600,305.7300,10
/mnt/ai_models/coco2014/train2014/COCO_train2014_000000187262.jpg 51.7800,222.9200,398.3800,628.4900,70 138.1200,412.1600,279.8500,633.5800,66
/mnt/ai_models/coco2014/train2014/COCO_train2014_000000358586.jpg 33.2100,21.3400,105.8800,70.3600,30 54.1100,107.6100,140.6900,153.7800,30 106.9300,61.2600,159.5400,103.6500,30 159.2800,74.7200,202.9800,122.4500,30 192.5800,126.1200,264.3300,170.7000,30 325.2800,145.5400,361.3200,184.8300,30 3.7100,39.8800,42.3800,71.5500,30 252.4200,110.5100,329.5800,171.9800,30 384.1000,159.0800,436.3000,212.2200,30 429.0900,162.5300,487.1200,220.5600,30 499.9800,185.6300,582.6300,252.7700,30 361.7900,136.4000,422.8200,182.2400,30 490.3800,186.4200,516.5500,227.6500,30 0.0000,3.0000,43.0000,46.0000,30
/mnt/ai_models/coco2014/train2014/COCO_train2014_000000164287.jpg 324.0900,34.8900,627.0600,305.7300,10
/mnt/ai_models/coco2014/train2014/COCO_train2014_000000164287.jpg 324.0900,34.8900,627.0600,305.7300,10
/mnt/ai_models/coco2014/train2014/COCO_train2014_000000152247.jpg 435.3200,237.4300,503.0500,273.5700,73 318.2000,206.0200,443.3300,289.0800,73 523.2600,202.7700,532.8100,216.9500,72
/mnt/ai_models/coco2014/train2014/COCO_train2014_000000199255.jpg 264.1600,196.6100,572.3500,409.2300,79 321.4400,163.9600,525.3000,359.1900,79
/mnt/ai_models/coco2014/train2014/COCO_train2014_000000249711.jpg 52.2500,123.8600,573.2500,345.9700,73
/mnt/ai_models/coco2014/train2014/COCO_train2014_000000249711.jpg 52.2500,123.8600,573.2500,345.9700,73
/mnt/ai_models/coco2014/train2014/COCO_train2014_000000575496.jpg 166.1100,97.9800,513.4400,405.3900,66
/mnt/ai_models/coco2014/train2014/COCO_train2014_000000575496.jpg 166.1100,97.9800,513.4400,405.3900,66
/mnt/ai_models/coco2014/train2014/COCO_train2014_000000575496.jpg 166.1100,97.9800,513.4400,405.3900,66
/mnt/ai_models/coco2014/train2014/COCO_train2014_000000249711.jpg 52.2500,123.8600,573.2500,345.9700,73
/mnt/ai_models/coco2014/train2014/COCO_train2014_000000575496.jpg 166.1100,97.9800,513.4400,405.3900,66
/mnt/ai_models/coco2014/train2014/COCO_train2014_000000249711.jpg 52.2500,123.8600,573.2500,345.9700,73
/mnt/ai_models/coco2014/train2014/COCO_train2014_000000575496.jpg 166.1100,97.9800,513.4400,405.3900,66
/mnt/ai_models/coco2014/train2014/COCO_train2014_000000164287.jpg 324.0900,34.8900,627.0600,305.7300,10
/mnt/ai_models/coco2014/train2014/COCO_train2014_000000249711.jpg 52.2500,123.8600,573.2500,345.9700,73
/mnt/ai_models/coco2014/train2014/COCO_train2014_000000575496.jpg 166.1100,97.9800,513.4400,405.3900,66
/mnt/ai_models/coco2014/train2014/COCO_train2014_000000164287.jpg 324.0900,34.8900,627.0600,305.7300,10
/mnt/ai_models/coco2014/train2014/COCO_train2014_000000249711.jpg 52.2500,123.8600,573.2500,345.9700,73
/mnt/ai_models/coco2014/train2014/COCO_train2014_000000575496.jpg 166.1100,97.9800,513.4400,405.3900,66
/mnt/ai_models/coco2014/train2014/COCO_train2014_000000164287.jpg 324.0900,34.8900,627.0600,305.7300,10
/mnt/ai_models/coco2014/train2014/COCO_train2014_000000249711.jpg 52.2500,123.8600,573.2500,345.9700,73
/mnt/ai_models/coco2014/train2014/COCO_train2014_000000575496.jpg 166.1100,97.9800,513.4400,405.3900,66
/mnt/ai_models/coco2014/train2014/COCO_train2014_000000199255.jpg 264.1600,196.6100,572.3500,409.2300,79 321.4400,163.9600,525.3000,359.1900,79
/mnt/ai_models/coco2014/train2014/COCO_train2014_000000164287.jpg 324.0900,34.8900,627.0600,305.7300,10
/mnt/ai_models/coco2014/train2014/COCO_train2014_000000249711.jpg 52.2500,123.8600,573.2500,345.9700,73
/mnt/ai_models/coco2014/train2014/COCO_train2014_000000575496.jpg 166.1100,97.9800,513.4400,405.3900,66
/mnt/ai_models/coco2014/train2014/COCO_train2014_000000249711.jpg 52.2500,123.8600,573.2500,345.9700,73
/mnt/ai_models/coco2014/train2014/COCO_train2014_000000575496.jpg 166.1100,97.9800,513.4400,405.3900,66
/mnt/ai_models/coco2014/train2014/COCO_train2014_000000249711.jpg 52.2500,123.8600,573.2500,345.9700,73
/mnt/ai_models/coco2014/train2014/COCO_train2014_000000575496.jpg 166.1100,97.9800,513.4400,405.3900,66
/mnt/ai_models/coco2014/train2014/COCO_train2014_000000249711.jpg 52.2500,123.8600,573.2500,345.9700,73
/mnt/ai_models/coco2014/train2014/COCO_train2014_000000500537.jpg 181.1800,237.7000,393.5400,346.4000,44 151.5100,45.6200,342.3500,269.1100,66 166.8600,0.9600,421.5500,123.9100,75
/mnt/ai_models/coco2014/train2014/COCO_train2014_000000500537.jpg 181.1800,237.7000,393.5400,346.4000,44 151.5100,45.6200,342.3500,269.1100,66 166.8600,0.9600,421.5500,123.9100,75
/mnt/ai_models/coco2014/train2014/COCO_train2014_000000500537.jpg 181.1800,237.7000,393.5400,346.4000,44 151.5100,45.6200,342.3500,269.1100,66 166.8600,0.9600,421.5500,123.9100,75
/mnt/ai_models/coco2014/train2014/COCO_train2014_000000500537.jpg 181.1800,237.7000,393.5400,346.4000,44 151.5100,45.6200,342.3500,269.1100,66 166.8600,0.9600,421.5500,123.9100,75
/mnt/ai_models/coco2014/train2014/COCO_train2014_000000500537.jpg 181.1800,237.7000,393.5400,346.4000,44 151.5100,45.6200,342.3500,269.1100,66 166.8600,0.9600,421.5500,123.9100,75
/mnt/ai_models/coco2014/train2014/COCO_train2014_000000500537.jpg 181.1800,237.7000,393.5400,346.4000,44 151.5100,45.6200,342.3500,269.1100,66 166.8600,0.9600,421.5500,123.9100,75
/mnt/ai_models/coco2014/train2014/COCO_train2014_000000500537.jpg 181.1800,237.7000,393.5400,346.4000,44 151.5100,45.6200,342.3500,269.1100,66 166.8600,0.9600,421.5500,123.9100,75
/mnt/ai_models/coco2014/train2014/COCO_train2014_000000500537.jpg 181.1800,237.7000,393.5400,346.4000,44 151.5100,45.6200,342.3500,269.1100,66 166.8600,0.9600,421.5500,123.9100,75
/mnt/ai_models/coco2014/train2014/COCO_train2014_000000500537.jpg 181.1800,237.7000,393.5400,346.4000,44 151.5100,45.6200,342.3500,269.1100,66 166.8600,0.9600,421.5500,123.9100,75
/mnt/ai_models/coco2014/train2014/COCO_train2014_000000500537.jpg 181.1800,237.7000,393.5400,346.4000,44 151.5100,45.6200,342.3500,269.1100,66 166.8600,0.9600,421.5500,123.9100,75
/mnt/ai_models/coco2014/train2014/COCO_train2014_000000136097.jpg 34.9800,289.5800,154.1500,479.8100,70 276.9600,285.1700,368.0500,313.3400,57
/mnt/ai_models/coco2014/train2014/COCO_train2014_000000500537.jpg 181.1800,237.7000,393.5400,346.4000,44 151.5100,45.6200,342.3500,269.1100,66 166.8600,0.9600,421.5500,123.9100,75
/mnt/ai_models/coco2014/train2014/COCO_train2014_000000136097.jpg 34.9800,289.5800,154.1500,479.8100,70 276.9600,285.1700,368.0500,313.3400,57
/mnt/ai_models/coco2014/train2014/COCO_train2014_000000136097.jpg 34.9800,289.5800,154.1500,479.8100,70 276.9600,285.1700,368.0500,313.3400,57
/mnt/ai_models/coco2014/train2014/COCO_train2014_000000298170.jpg 79.6900,200.5400,547.1700,418.3500,73
/mnt/ai_models/coco2014/train2014/COCO_train2014_000000500537.jpg 181.1800,237.7000,393.5400,346.4000,44 151.5100,45.6200,342.3500,269.1100,66 166.8600,0.9600,421.5500,123.9100,75
/mnt/ai_models/coco2014/train2014/COCO_train2014_000000110314.jpg 276.3800,153.5300,371.6800,278.3700,73
/mnt/ai_models/coco2014/train2014/COCO_train2014_000000136097.jpg 34.9800,289.5800,154.1500,479.8100,70 276.9600,285.1700,368.0500,313.3400,57
/mnt/ai_models/coco2014/train2014/COCO_train2014_000000374023.jpg 116.7700,142.8600,454.0700,403.2700,56 0.0000,21.1300,43.2900,92.7100,51 27.7200,47.8100,72.0700,101.5000,51
/mnt/ai_models/coco2014/train2014/COCO_train2014_000000374023.jpg 116.7700,142.8600,454.0700,403.2700,56 0.0000,21.1300,43.2900,92.7100,51 27.7200,47.8100,72.0700,101.5000,51
/mnt/ai_models/coco2014/train2014/COCO_train2014_000000374023.jpg 116.7700,142.8600,454.0700,403.2700,56 0.0000,21.1300,43.2900,92.7100,51 27.7200,47.8100,72.0700,101.5000,51
/mnt/ai_models/coco2014/train2014/COCO_train2014_000000374023.jpg 116.7700,142.8600,454.0700,403.2700,56 0.0000,21.1300,43.2900,92.7100,51 27.7200,47.8100,72.0700,101.5000,51
/mnt/ai_models/coco2014/train2014/COCO_train2014_000000374023.jpg 116.7700,142.8600,454.0700,403.2700,56 0.0000,21.1300,43.2900,92.7100,51 27.7200,47.8100,72.0700,101.5000,51
